id,start_time,end_time,Distance,Duration,event_type,CHARGING_TIME,ENERGY
id01,2021-02-01 17:07:29,2021-02-01 17:09:04,0.088,95000.0,journey,,
id01,2021-02-01 17:43:18,2021-02-01 17:53:21,5.593,603000.0,journey,,
id01,2021-02-01 18:03:37,2021-02-01 19:07:40,61.625,3843000.0,journey,,
id01,2021-02-02 13:33:21,2021-02-02 13:33:53,0.005,32000.0,journey,,
id01,2021-02-02 14:26:12,2021-02-02 14:27:47,0.052,95000.0,journey,,
id01,2021-02-02 14:30:47,2021-02-02 14:34:47,2.653,240000.0,journey,,
id01,2021-02-02 14:35:13,2021-02-02 14:41:02,4.383,349000.0,journey,,
id01,2021-02-02 15:27:59,2021-02-02 15:34:04,3.893,365000.0,journey,,
id01,2021-02-02 15:56:52,2021-02-02 16:03:12,3.488,380000.0,journey,,
id01,2021-02-04 10:21:14,2021-02-04 10:21:45,0.012,31000.0,journey,,
id01,2021-02-04 10:21:34,2021-02-04 10:29:26,,,charging,00:07:47,0.858
id01,2021-02-04 11:23:40,2021-02-04 11:36:58,8.252,798000.0,journey,,
id01,2021-02-04 13:28:47,2021-02-04 13:40:24,8.246,697000.0,journey,,
id01,2021-02-04 15:13:03,2021-02-04 15:16:13,0.96,190000.0,journey,,
id01,2021-02-04 16:09:36,2021-02-04 16:12:14,0.934,158000.0,journey,,
id01,2021-02-04 18:49:55,2021-02-04 19:11:12,16.648,1277000.0,journey,,
id01,2021-02-04 19:58:19,2021-02-04 20:01:29,0.716,190000.0,journey,,
id01,2021-02-04 20:12:32,2021-02-04 20:23:35,9.082,663000.0,journey,,
id01,2021-02-04 20:23:55,2021-02-04 20:34:47,6.886,652000.0,journey,,
id01,2021-02-05 09:18:08,2021-02-05 09:18:40,0.0,32000.0,journey,,
id01,2021-02-05 09:22:16,2021-02-05 09:22:48,0.0,32000.0,journey,,
id01,2021-02-05 09:37:47,2021-02-05 09:38:51,0.009,64000.0,journey,,
id01,2021-02-05 09:48:06,2021-02-05 09:49:41,0.01,95000.0,journey,,
id01,2021-02-05 09:55:08,2021-02-05 09:55:40,0.0,32000.0,journey,,
id01,2021-02-05 12:30:16,2021-02-05 12:39:32,7.216,556000.0,journey,,
id01,2021-02-05 13:38:39,2021-02-05 13:40:46,0.444,127000.0,journey,,
id01,2021-02-05 13:45:43,2021-02-05 13:55:32,7.497999999999999,589000.0,journey,,
id01,2021-02-06 10:50:34,2021-02-06 11:01:25,8.872,651000.0,journey,,
id01,2021-02-06 11:47:43,2021-02-06 11:59:56,8.885,733000.0,journey,,
id01,2021-02-06 12:00:29,2021-02-06 12:01:00,0.0,31000.0,journey,,
id01,2021-02-06 13:52:01,2021-02-06 14:04:12,8.692,731000.0,journey,,
id01,2021-02-06 15:38:42,2021-02-06 15:50:20,5.393,698000.0,journey,,
id01,2021-02-06 16:13:31,2021-02-06 16:24:31,8.249,660000.0,journey,,
id01,2021-02-06 17:19:51,2021-02-06 17:30:02,8.479,611000.0,journey,,
id01,2021-02-06 17:30:27,2021-02-06 17:39:43,7.722,556000.0,journey,,
id01,2021-02-06 18:58:37,2021-02-06 19:05:00,3.497,383000.0,journey,,
id01,2021-02-06 19:15:25,2021-02-07 07:49:40,,,charging,08:58:56,58.382
id01,2021-02-07 13:15:04,2021-02-07 13:25:40,7.42,636000.0,journey,,
id01,2021-02-07 13:26:57,2021-02-07 13:31:11,1.6740000000000002,254000.0,journey,,
id01,2021-02-07 14:47:38,2021-02-07 15:00:36,9.051,778000.0,journey,,
id01,2021-02-08 14:19:54,2021-02-08 14:32:53,8.827,779000.0,journey,,
id01,2021-02-08 16:19:40,2021-02-08 16:31:25,8.834,705000.0,journey,,
id01,2021-02-09 15:33:13,2021-02-09 15:36:40,0.934,207000.0,journey,,
id01,2021-02-09 16:15:38,2021-02-09 16:18:48,0.952,190000.0,journey,,
id01,2021-02-10 13:39:44,2021-02-10 13:45:51,3.5610000000000004,367000.0,journey,,
id01,2021-02-10 15:35:25,2021-02-10 15:42:37,4.016,432000.0,journey,,
id01,2021-02-10 17:49:52,2021-02-10 17:51:28,0.024,96000.0,journey,,
id01,2021-02-10 17:51:50,2021-02-10 18:11:51,15.497,1201000.0,journey,,
id01,2021-02-10 18:24:15,2021-02-10 18:28:29,1.23,254000.0,journey,,
id01,2021-02-10 19:56:52,2021-02-10 19:59:31,0.74,159000.0,journey,,
id01,2021-02-10 20:19:21,2021-02-10 20:43:30,16.018,1449000.0,journey,,
id01,2021-02-11 13:28:38,2021-02-11 13:45:34,12.569,1016000.0,journey,,
id01,2021-02-11 14:45:05,2021-02-11 14:55:08,7.06,603000.0,journey,,
id01,2021-02-11 14:55:25,2021-02-11 15:03:54,5.634,509000.0,journey,,
id01,2021-02-12 11:42:15,2021-02-12 11:43:18,0.052,63000.0,journey,,
id01,2021-02-12 12:59:00,2021-02-12 13:00:36,0.0819999999999999,96000.0,journey,,
id01,2021-02-12 13:01:25,2021-02-12 13:06:27,3.4210000000000003,302000.0,journey,,
id01,2021-02-12 14:36:07,2021-02-12 14:41:09,3.775,302000.0,journey,,
id01,2021-02-12 15:45:49,2021-02-12 15:56:01,7.301,612000.0,journey,,
id01,2021-02-13 09:28:09,2021-02-13 09:41:53,7.412999999999999,824000.0,journey,,
id01,2021-02-13 09:43:03,2021-02-13 09:57:59,12.218,896000.0,journey,,
id01,2021-02-13 10:15:40,2021-02-13 10:22:42,3.182,422000.0,journey,,
id01,2021-02-13 10:46:44,2021-02-13 11:09:06,17.339000000000002,1342000.0,journey,,
id01,2021-02-13 14:01:32,2021-02-13 14:06:49,3.5860000000000003,317000.0,journey,,
id01,2021-02-13 14:07:19,2021-02-13 14:08:23,0.135,64000.0,journey,,
id01,2021-02-13 14:08:44,2021-02-13 14:24:18,13.111,934000.0,journey,,
id01,2021-02-13 16:31:05,2021-02-13 16:35:50,1.733,285000.0,journey,,
id01,2021-02-13 17:22:34,2021-02-13 17:30:31,6.777,477000.0,journey,,
id01,2021-02-13 17:38:19,2021-02-13 17:51:38,10.628,799000.0,journey,,
id01,2021-02-13 18:34:01,2021-02-13 18:34:33,0.001,32000.0,journey,,
id01,2021-02-13 19:05:29,2021-02-13 19:10:45,3.454,316000.0,journey,,
id01,2021-02-14 10:20:33,2021-02-14 10:21:05,0.001,32000.0,journey,,
id01,2021-02-14 11:52:41,2021-02-14 12:09:46,13.566,1025000.0,journey,,
id01,2021-02-14 13:29:12,2021-02-14 13:40:45,10.236,693000.0,journey,,
id01,2021-02-14 14:26:15,2021-02-14 14:32:04,3.497,349000.0,journey,,
id01,2021-02-14 14:32:28,2021-02-14 15:55:55,,,charging,01:23:21,9.37
id01,2021-02-14 15:56:58,2021-02-14 16:06:06,7.277,548000.0,journey,,
id01,2021-02-14 17:17:48,2021-02-14 17:27:36,7.25,588000.0,journey,,
id01,2021-02-14 17:27:27,2021-02-15 12:57:11,,,charging,06:44:56,42.889
id01,2021-02-15 12:59:12,2021-02-15 13:13:18,8.824,846000.0,journey,,
id01,2021-02-15 13:20:20,2021-02-15 13:22:00,0.447,100000.0,journey,,
id01,2021-02-15 14:05:48,2021-02-15 14:18:13,8.65,745000.0,journey,,
id01,2021-02-16 14:59:23,2021-02-16 15:05:12,3.542,349000.0,journey,,
id01,2021-02-16 15:40:18,2021-02-16 15:46:29,3.97,371000.0,journey,,
id01,2021-02-17 11:29:01,2021-02-17 11:37:31,7.232,510000.0,journey,,
id01,2021-02-17 13:15:22,2021-02-17 13:18:00,0.48,158000.0,journey,,
id01,2021-02-17 13:22:45,2021-02-17 13:33:06,7.581,621000.0,journey,,
id01,2021-02-17 14:34:13,2021-02-17 14:39:49,3.536,336000.0,journey,,
id01,2021-02-17 15:52:18,2021-02-17 15:58:40,3.938,382000.0,journey,,
id01,2021-02-17 18:57:55,2021-02-17 19:20:41,16.63,1366000.0,journey,,
id01,2021-02-17 20:04:19,2021-02-17 20:07:29,0.748,190000.0,journey,,
id01,2021-02-17 20:33:57,2021-02-17 20:54:33,15.991,1236000.0,journey,,
id01,2021-02-18 14:49:12,2021-02-18 14:54:46,3.537,334000.0,journey,,
id01,2021-02-18 16:02:12,2021-02-18 16:08:28,3.94,376000.0,journey,,
id01,2021-02-18 16:14:59,2021-02-18 16:26:05,8.224,666000.0,journey,,
id01,2021-02-18 16:59:15,2021-02-18 17:11:51,8.212,756000.0,journey,,
id01,2021-02-19 14:58:53,2021-02-19 15:04:01,3.524,308000.0,journey,,
id01,2021-02-19 16:18:44,2021-02-19 16:24:34,3.878,350000.0,journey,,
id01,2021-02-20 13:50:33,2021-02-20 13:51:04,0.001,31000.0,journey,,
id01,2021-02-20 15:03:21,2021-02-20 15:07:10,1.4269999999999998,229000.0,journey,,
id01,2021-02-20 15:08:00,2021-02-20 15:24:25,14.564,985000.0,journey,,
id01,2021-02-20 16:33:09,2021-02-20 16:37:23,0.992,254000.0,journey,,
id01,2021-02-20 17:03:23,2021-02-20 17:12:22,7.487999999999999,539000.0,journey,,
id01,2021-02-20 17:14:03,2021-02-20 17:27:50,9.124,827000.0,journey,,
id01,2021-02-21 09:36:25,2021-02-21 09:36:57,0.0,32000.0,journey,,
id01,2021-02-21 11:05:33,2021-02-21 11:16:24,7.371,651000.0,journey,,
id01,2021-02-21 11:18:00,2021-02-21 11:21:42,0.564,222000.0,journey,,
id01,2021-02-21 12:53:00,2021-02-21 12:59:27,3.697,387000.0,journey,,
id01,2021-02-21 12:59:46,2021-02-21 13:06:40,3.656,414000.0,journey,,
id01,2021-02-21 20:32:24,2021-02-21 20:38:21,3.509,357000.0,journey,,
id01,2021-02-21 22:05:54,2021-02-21 22:12:31,3.915,397000.0,journey,,
id01,2021-02-22 13:42:26,2021-02-22 13:42:57,0.002,31000.0,journey,,
id01,2021-02-23 14:14:52,2021-02-23 14:19:53,3.508,301000.0,journey,,
id01,2021-02-23 15:54:29,2021-02-23 16:00:18,3.892,349000.0,journey,,
id01,2021-02-23 17:52:12,2021-02-23 17:57:31,3.515,319000.0,journey,,
id01,2021-02-23 17:59:39,2021-02-23 18:06:08,3.957,389000.0,journey,,
id01,2021-02-24 15:18:51,2021-02-24 15:22:33,2.206,222000.0,journey,,
id01,2021-02-24 16:21:56,2021-02-24 16:26:44,2.804,288000.0,journey,,
id01,2021-02-24 17:49:59,2021-02-24 17:53:41,1.52,222000.0,journey,,
id01,2021-02-24 17:53:59,2021-02-24 18:10:54,15.584,1015000.0,journey,,
id01,2021-02-24 19:39:39,2021-02-24 19:43:21,1.228,222000.0,journey,,
id01,2021-02-24 19:50:26,2021-02-24 19:53:05,0.711,159000.0,journey,,
id01,2021-02-24 21:06:08,2021-02-24 21:08:50,0.695,162000.0,journey,,
id01,2021-02-24 21:28:11,2021-02-24 21:48:36,15.993,1225000.0,journey,,
id01,2021-02-25 14:03:39,2021-02-25 14:06:50,1.124,191000.0,journey,,
id01,2021-02-25 16:14:36,2021-02-25 16:16:12,0.331,96000.0,journey,,
id01,2021-02-25 16:23:25,2021-02-25 16:25:00,0.285,95000.0,journey,,
id01,2021-02-25 16:34:08,2021-02-25 16:38:26,1.868,258000.0,journey,,
id01,2021-02-26 12:20:17,2021-02-26 12:25:39,3.514,322000.0,journey,,
id01,2021-02-26 15:05:23,2021-02-26 15:11:43,3.929,380000.0,journey,,
id01,2021-02-26 16:50:40,2021-02-26 17:02:49,8.232999999999999,729000.0,journey,,
id01,2021-02-26 17:44:37,2021-02-26 17:57:18,8.237,761000.0,journey,,
id01,2021-02-27 13:52:37,2021-02-27 14:12:09,16.324,1172000.0,journey,,
id01,2021-02-27 16:30:53,2021-02-27 16:33:31,0.295,158000.0,journey,,
id01,2021-02-27 17:01:44,2021-02-27 17:12:35,7.348,651000.0,journey,,
id01,2021-02-27 17:29:58,2021-02-27 17:43:12,8.89,794000.0,journey,,
id01,2021-02-27 17:43:33,2021-02-28 11:10:05,,,charging,09:18:56,59.977
id01,2021-02-28 11:12:25,2021-02-28 11:26:41,9.493,856000.0,journey,,
id01,2021-02-28 12:47:55,2021-02-28 12:49:30,0.179,95000.0,journey,,
id01,2021-02-28 13:10:37,2021-02-28 13:25:11,9.689,874000.0,journey,,
id01,2021-02-28 17:45:55,2021-02-28 17:46:26,0.0,31000.0,journey,,
id01,2021-03-01 09:08:12,2021-03-01 09:12:58,1.704,286000.0,journey,,
id01,2021-03-01 09:15:31,2021-03-01 09:16:02,0.002,31000.0,journey,,
id01,2021-03-01 09:16:37,2021-03-01 09:22:33,2.713,356000.0,journey,,
id01,2021-03-01 13:23:11,2021-03-01 13:36:39,8.821,808000.0,journey,,
id01,2021-03-01 13:48:00,2021-03-01 13:57:47,7.673999999999999,587000.0,journey,,
id01,2021-03-01 14:06:02,2021-03-01 14:11:23,2.023,321000.0,journey,,
id01,2021-03-01 20:42:29,2021-03-01 20:48:24,3.5610000000000004,355000.0,journey,,
id01,2021-03-01 21:42:14,2021-03-01 21:48:25,3.736,371000.0,journey,,
id01,2021-03-02 09:16:17,2021-03-02 09:20:08,1.686,231000.0,journey,,
id01,2021-03-02 09:22:38,2021-03-02 09:23:10,0.001,32000.0,journey,,
id01,2021-03-02 09:24:22,2021-03-02 09:24:54,0.0,32000.0,journey,,
id01,2021-03-02 09:25:21,2021-03-02 09:29:34,2.521,253000.0,journey,,
id01,2021-03-02 11:43:11,2021-03-02 11:50:27,4.203,436000.0,journey,,
id01,2021-03-02 12:46:09,2021-03-02 12:52:14,3.55,365000.0,journey,,
id01,2021-03-02 14:22:47,2021-03-02 14:27:50,3.275,303000.0,journey,,
id01,2021-03-02 14:31:02,2021-03-02 14:33:09,0.4429999999999999,127000.0,journey,,
id01,2021-03-02 14:52:52,2021-03-02 14:53:55,0.013,63000.0,journey,,
id01,2021-03-02 17:01:57,2021-03-02 17:13:02,8.169,665000.0,journey,,
id01,2021-03-02 18:09:09,2021-03-02 18:16:32,4.806,443000.0,journey,,
id01,2021-03-02 18:18:08,2021-03-02 18:24:29,3.426,381000.0,journey,,
id01,2021-03-03 09:20:07,2021-03-03 09:24:20,1.664,253000.0,journey,,
id01,2021-03-03 09:31:46,2021-03-03 09:36:22,1.981,276000.0,journey,,
id01,2021-03-03 13:58:58,2021-03-03 14:03:11,1.737,253000.0,journey,,
id01,2021-03-03 14:10:09,2021-03-03 14:20:05,8.167,596000.0,journey,,
id01,2021-03-03 15:16:08,2021-03-03 15:17:11,0.073,63000.0,journey,,
id01,2021-03-03 15:18:39,2021-03-03 15:27:54,6.796,555000.0,journey,,
id01,2021-03-03 15:51:18,2021-03-03 15:56:04,2.914,286000.0,journey,,
id01,2021-03-03 16:01:26,2021-03-03 16:09:13,5.495,467000.0,journey,,
id01,2021-03-03 16:10:01,2021-03-03 16:11:05,0.0289999999999999,64000.0,journey,,
id01,2021-03-03 16:12:26,2021-03-03 16:12:58,0.022,32000.0,journey,,
id01,2021-03-04 09:24:00,2021-03-04 09:27:42,1.706,222000.0,journey,,
id01,2021-03-04 09:29:02,2021-03-04 09:33:16,1.884,254000.0,journey,,
id01,2021-03-04 12:22:33,2021-03-04 12:27:51,3.56,318000.0,journey,,
id01,2021-03-04 12:42:43,2021-03-04 12:48:58,3.923,375000.0,journey,,
id01,2021-03-04 12:50:41,2021-03-04 13:46:48,58.99100000000001,3367000.0,journey,,
id01,2021-03-04 14:35:42,2021-03-04 14:37:28,0.154,106000.0,journey,,
id01,2021-03-04 14:44:25,2021-03-04 14:46:32,0.504,127000.0,journey,,
id01,2021-03-04 14:46:54,2021-03-04 14:49:33,0.623,159000.0,journey,,
id01,2021-03-04 15:27:26,2021-03-04 15:30:06,0.218,160000.0,journey,,
id01,2021-03-04 15:30:51,2021-03-04 15:31:55,0.102,64000.0,journey,,
id01,2021-03-04 15:33:19,2021-03-04 15:40:11,2.611,412000.0,journey,,
id01,2021-03-04 16:10:13,2021-03-04 16:19:32,5.336,559000.0,journey,,
id01,2021-03-04 16:34:42,2021-03-04 17:32:21,60.656000000000006,3459000.0,journey,,
id01,2021-03-04 18:06:45,2021-03-04 18:12:02,2.659,317000.0,journey,,
id01,2021-03-05 09:21:13,2021-03-05 09:26:15,1.739,302000.0,journey,,
id01,2021-03-05 09:30:39,2021-03-05 09:32:14,0.253,95000.0,journey,,
id01,2021-03-05 09:32:54,2021-03-05 09:36:06,1.654,192000.0,journey,,
id01,2021-03-05 09:46:48,2021-03-05 09:52:54,4.069,366000.0,journey,,
id01,2021-03-05 11:33:42,2021-03-05 11:40:02,4.052,380000.0,journey,,
id01,2021-03-05 13:46:02,2021-03-05 13:51:10,3.2880000000000003,308000.0,journey,,
id01,2021-03-05 14:30:07,2021-03-05 14:35:24,3.591,317000.0,journey,,
id01,2021-03-05 14:35:45,2021-03-05 14:37:51,0.348,126000.0,journey,,
id01,2021-03-05 14:41:44,2021-03-06 10:07:18,,,charging,08:02:56,52.065
id01,2021-03-06 10:07:58,2021-03-06 10:09:02,0.019,64000.0,journey,,
id01,2021-03-06 12:02:43,2021-03-06 12:04:50,0.147,127000.0,journey,,
id01,2021-03-06 12:05:51,2021-03-06 12:11:08,2.853,317000.0,journey,,
id01,2021-03-06 12:14:20,2021-03-06 12:21:49,5.097,449000.0,journey,,
id01,2021-03-06 12:25:27,2021-03-06 12:29:40,1.018,253000.0,journey,,
id01,2021-03-06 13:25:50,2021-03-06 13:30:04,1.111,254000.0,journey,,
id01,2021-03-06 13:31:48,2021-03-06 13:35:40,0.621,232000.0,journey,,
id01,2021-03-06 13:42:48,2021-03-06 13:52:39,7.376,591000.0,journey,,
id01,2021-03-07 11:48:55,2021-03-07 11:55:37,3.808,402000.0,journey,,
id01,2021-03-07 15:12:35,2021-03-07 15:19:31,3.532,416000.0,journey,,
id01,2021-03-07 16:36:32,2021-03-07 16:47:38,8.633,666000.0,journey,,
id01,2021-03-07 17:32:54,2021-03-07 17:45:21,8.638,747000.0,journey,,
id01,2021-03-08 08:46:31,2021-03-08 08:47:03,0.001,32000.0,journey,,
id01,2021-03-08 09:21:56,2021-03-08 09:26:26,1.692,270000.0,journey,,
id01,2021-03-08 09:27:38,2021-03-08 09:32:23,1.783,285000.0,journey,,
id01,2021-03-08 13:56:44,2021-03-08 14:00:26,1.711,222000.0,journey,,
id01,2021-03-08 14:05:16,2021-03-08 14:05:48,0.001,32000.0,journey,,
id01,2021-03-08 14:06:30,2021-03-08 14:07:34,0.0579999999999999,64000.0,journey,,
id01,2021-03-08 14:10:42,2021-03-08 14:15:27,1.7919999999999998,285000.0,journey,,
id01,2021-03-09 08:56:07,2021-03-09 09:04:52,7.315,525000.0,journey,,
id01,2021-03-09 09:07:03,2021-03-09 09:16:50,8.118,587000.0,journey,,
id01,2021-03-09 09:23:24,2021-03-09 09:33:58,7.34,634000.0,journey,,
id01,2021-03-09 10:11:59,2021-03-09 10:16:44,2.414,285000.0,journey,,
id01,2021-03-09 10:48:13,2021-03-09 11:02:05,9.582,832000.0,journey,,
id01,2021-03-09 11:38:18,2021-03-09 11:39:21,0.005,63000.0,journey,,
id01,2021-03-09 11:54:22,2021-03-09 12:03:17,7.32,535000.0,journey,,
id01,2021-03-09 12:04:50,2021-03-09 12:23:19,13.136,1109000.0,journey,,
id01,2021-03-09 12:30:17,2021-03-09 12:30:49,0.005,32000.0,journey,,
id01,2021-03-09 12:35:57,2021-03-09 12:55:13,16.572,1156000.0,journey,,
id01,2021-03-09 13:57:29,2021-03-09 14:01:43,1.715,254000.0,journey,,
id01,2021-03-09 14:07:11,2021-03-09 14:13:32,4.4,381000.0,journey,,
id01,2021-03-09 15:03:19,2021-03-09 15:09:12,3.907,353000.0,journey,,
id01,2021-03-09 16:32:21,2021-03-09 16:38:10,2.782,349000.0,journey,,
id01,2021-03-09 16:58:42,2021-03-09 17:06:38,2.792,476000.0,journey,,
id01,2021-03-10 09:03:01,2021-03-10 09:11:41,7.353,520000.0,journey,,
id01,2021-03-10 09:14:30,2021-03-10 09:24:08,8.068,578000.0,journey,,
id01,2021-03-10 09:26:44,2021-03-10 09:31:35,1.796,291000.0,journey,,
id01,2021-03-10 11:54:00,2021-03-10 12:06:50,7.572999999999999,770000.0,journey,,
id01,2021-03-10 12:05:15,2021-03-10 12:06:50,0.216,95000.0,journey,,
id01,2021-03-10 12:50:00,2021-03-10 12:59:18,7.28,558000.0,journey,,
id01,2021-03-10 13:58:42,2021-03-10 14:02:29,1.659,227000.0,journey,,
id01,2021-03-10 14:10:09,2021-03-10 14:15:11,1.963,302000.0,journey,,
id01,2021-03-10 17:20:41,2021-03-10 17:21:44,0.054,63000.0,journey,,
id01,2021-03-10 17:22:23,2021-03-10 17:42:15,16.922,1192000.0,journey,,
id01,2021-03-10 17:45:14,2021-03-10 17:48:24,0.8440000000000001,190000.0,journey,,
id01,2021-03-10 18:56:30,2021-03-10 18:59:08,0.7440000000000001,158000.0,journey,,
id01,2021-03-10 19:54:07,2021-03-10 19:57:49,1.246,222000.0,journey,,
id01,2021-03-10 20:35:26,2021-03-10 20:55:49,15.991,1223000.0,journey,,
id01,2021-03-11 09:04:22,2021-03-11 09:13:08,7.321000000000001,526000.0,journey,,
id01,2021-03-11 09:15:46,2021-03-11 09:25:20,8.066,574000.0,journey,,
id01,2021-03-11 09:27:28,2021-03-11 09:34:05,4.357,397000.0,journey,,
id01,2021-03-11 10:40:58,2021-03-11 10:47:18,3.897,380000.0,journey,,
id01,2021-03-11 11:53:35,2021-03-11 12:03:24,7.362,589000.0,journey,,
id01,2021-03-11 12:04:24,2021-03-11 12:06:34,0.241,130000.0,journey,,
id01,2021-03-11 12:07:03,2021-03-11 12:12:38,3.839,335000.0,journey,,
id01,2021-03-11 12:14:42,2021-03-11 12:20:49,4.027,367000.0,journey,,
id01,2021-03-11 13:55:13,2021-03-11 13:59:43,1.712,270000.0,journey,,
id01,2021-03-11 14:07:00,2021-03-11 14:12:21,1.987,321000.0,journey,,
id01,2021-03-11 15:00:27,2021-03-11 15:13:40,8.232999999999999,793000.0,journey,,
id01,2021-03-11 16:10:55,2021-03-11 16:24:25,7.314,810000.0,journey,,
id01,2021-03-12 08:51:43,2021-03-12 08:52:15,0.0,32000.0,journey,,
id01,2021-03-12 08:52:33,2021-03-12 08:54:08,0.0,95000.0,journey,,
id01,2021-03-12 08:54:58,2021-03-12 09:01:11,6.485,373000.0,journey,,
id01,2021-03-12 09:02:42,2021-03-12 09:12:14,8.058,572000.0,journey,,
id01,2021-03-12 09:15:32,2021-03-12 09:21:20,2.044,348000.0,journey,,
id01,2021-03-12 09:22:58,2021-03-12 11:52:49,,,charging,02:29:46,16.89
id01,2021-03-12 11:54:25,2021-03-12 12:03:14,7.32,529000.0,journey,,
id01,2021-03-12 12:06:44,2021-03-12 12:08:20,0.1689999999999999,96000.0,journey,,
id01,2021-03-12 12:43:54,2021-03-12 12:54:51,7.395,657000.0,journey,,
id01,2021-03-12 13:52:16,2021-03-12 13:57:33,1.886,317000.0,journey,,
id01,2021-03-12 14:08:14,2021-03-12 14:12:28,1.655,254000.0,journey,,
id01,2021-03-12 15:26:09,2021-03-12 15:31:34,3.564,325000.0,journey,,
id01,2021-03-12 17:21:11,2021-03-12 17:25:33,2.454,262000.0,journey,,
id01,2021-03-12 17:38:03,2021-03-12 17:50:52,8.224,769000.0,journey,,
id01,2021-03-13 08:29:31,2021-03-13 08:49:05,16.039,1174000.0,journey,,
id01,2021-03-13 09:14:02,2021-03-13 09:35:28,16.032,1286000.0,journey,,
id01,2021-03-13 09:35:13,2021-03-13 12:43:54,,,charging,03:08:36,20.996
id01,2021-03-13 12:45:24,2021-03-13 12:46:28,0.017,64000.0,journey,,
id01,2021-03-13 12:46:49,2021-03-13 12:51:20,1.251,271000.0,journey,,
id01,2021-03-13 13:43:45,2021-03-13 13:49:02,1.307,317000.0,journey,,
id01,2021-03-13 13:49:22,2021-03-14 10:52:08,,,charging,05:44:56,36.558
id01,2021-03-14 10:54:35,2021-03-14 11:07:31,8.256,776000.0,journey,,
id01,2021-03-14 12:18:53,2021-03-14 12:25:13,3.247,380000.0,journey,,
id01,2021-03-14 12:29:48,2021-03-14 12:43:16,8.835,808000.0,journey,,
id01,2021-03-14 13:18:36,2021-03-14 13:26:52,3.839,496000.0,journey,,
id01,2021-03-14 13:27:26,2021-03-14 13:27:58,0.0,32000.0,journey,,
id01,2021-03-14 15:31:50,2021-03-14 15:37:09,3.513,319000.0,journey,,
id01,2021-03-14 15:52:11,2021-03-14 16:02:44,8.831,633000.0,journey,,
id01,2021-03-14 16:31:44,2021-03-14 16:44:09,8.883,745000.0,journey,,
id01,2021-03-15 08:55:29,2021-03-15 09:04:21,7.335,532000.0,journey,,
id01,2021-03-15 09:06:49,2021-03-15 09:16:21,8.116,572000.0,journey,,
id01,2021-03-15 09:17:40,2021-03-15 09:19:15,0.162,95000.0,journey,,
id01,2021-03-15 09:31:21,2021-03-15 09:34:31,1.608,190000.0,journey,,
id01,2021-03-15 09:37:22,2021-03-15 09:38:25,0.0069999999999999,63000.0,journey,,
id01,2021-03-15 09:47:49,2021-03-15 09:48:53,0.0069999999999999,64000.0,journey,,
id01,2021-03-15 11:57:42,2021-03-15 12:06:09,7.303999999999999,507000.0,journey,,
id01,2021-03-15 12:08:13,2021-03-15 12:09:48,0.2189999999999999,95000.0,journey,,
id01,2021-03-15 12:45:21,2021-03-15 12:46:56,0.1159999999999999,95000.0,journey,,
id01,2021-03-15 12:50:05,2021-03-15 12:58:49,7.185,524000.0,journey,,
id01,2021-03-15 13:58:16,2021-03-15 14:02:30,1.726,254000.0,journey,,
id01,2021-03-15 14:12:02,2021-03-15 14:16:21,1.877,259000.0,journey,,
id01,2021-03-15 14:34:23,2021-03-15 14:44:57,7.207000000000001,634000.0,journey,,
id01,2021-03-15 16:13:36,2021-03-15 16:22:38,7.267,542000.0,journey,,
id01,2021-03-16 08:58:11,2021-03-16 09:07:43,7.35,572000.0,journey,,
id01,2021-03-16 09:10:31,2021-03-16 09:20:44,8.119,613000.0,journey,,
id01,2021-03-16 09:22:24,2021-03-16 09:23:28,0.083,64000.0,journey,,
id01,2021-03-16 09:25:01,2021-03-16 09:36:09,8.411,668000.0,journey,,
id01,2021-03-16 10:22:23,2021-03-16 10:35:41,9.584,798000.0,journey,,
id01,2021-03-16 11:55:31,2021-03-16 12:04:31,7.349,540000.0,journey,,
id01,2021-03-16 12:10:10,2021-03-16 12:11:21,0.162,71000.0,journey,,
id01,2021-03-16 12:32:58,2021-03-16 12:34:01,0.012,63000.0,journey,,
id01,2021-03-16 12:34:45,2021-03-16 12:43:45,7.242999999999999,540000.0,journey,,
id01,2021-03-16 13:58:08,2021-03-16 14:02:53,1.8,285000.0,journey,,
id01,2021-03-16 14:13:02,2021-03-16 14:17:00,1.658,238000.0,journey,,
id01,2021-03-17 11:55:34,2021-03-17 11:59:22,0.992,228000.0,journey,,
id01,2021-03-17 12:04:04,2021-03-17 12:05:39,0.042,95000.0,journey,,
id01,2021-03-17 12:08:36,2021-03-17 13:12:50,32.389,3854000.0,journey,,
id01,2021-03-17 13:32:30,2021-03-17 13:38:34,3.016,364000.0,journey,,
id01,2021-03-17 13:53:05,2021-03-17 14:05:14,8.871,729000.0,journey,,
id01,2021-03-17 16:04:30,2021-03-17 16:05:02,0.005,32000.0,journey,,
id01,2021-03-17 16:06:29,2021-03-17 16:13:38,3.782,429000.0,journey,,
id01,2021-03-17 19:34:28,2021-03-17 19:40:42,3.487,374000.0,journey,,
id01,2021-03-18 09:02:28,2021-03-18 09:11:23,7.362999999999999,535000.0,journey,,
id01,2021-03-18 09:13:59,2021-03-18 09:24:04,8.128,605000.0,journey,,
id01,2021-03-18 09:25:24,2021-03-18 09:30:02,1.808,278000.0,journey,,
id01,2021-03-18 11:56:05,2021-03-18 12:05:22,7.34,557000.0,journey,,
id01,2021-03-18 12:07:44,2021-03-18 12:08:54,0.17,70000.0,journey,,
id01,2021-03-18 12:48:50,2021-03-18 12:54:01,3.861,311000.0,journey,,
id01,2021-03-18 13:54:20,2021-03-18 14:00:43,4.282,383000.0,journey,,
id01,2021-03-18 14:09:24,2021-03-18 14:13:50,1.7819999999999998,266000.0,journey,,
id01,2021-03-18 18:50:04,2021-03-18 19:11:51,16.643,1307000.0,journey,,
id01,2021-03-18 20:06:51,2021-03-18 20:10:01,0.736,190000.0,journey,,
id01,2021-03-18 20:57:33,2021-03-18 20:58:47,0.132,74000.0,journey,,
id01,2021-03-18 20:59:13,2021-03-18 21:07:30,7.47,497000.0,journey,,
id01,2021-03-18 21:08:49,2021-03-18 21:19:40,8.367,651000.0,journey,,
id01,2021-03-19 08:58:55,2021-03-19 09:08:11,7.358,556000.0,journey,,
id01,2021-03-19 09:09:49,2021-03-19 09:19:52,8.129,603000.0,journey,,
id01,2021-03-19 09:21:55,2021-03-19 09:26:58,1.814,303000.0,journey,,
id01,2021-03-19 11:52:46,2021-03-19 12:02:40,7.322,594000.0,journey,,
id01,2021-03-19 12:06:25,2021-03-19 12:23:50,13.058,1045000.0,journey,,
id01,2021-03-19 12:33:42,2021-03-19 12:55:06,16.459,1284000.0,journey,,
id01,2021-03-19 13:57:17,2021-03-19 14:02:02,1.733,285000.0,journey,,
id01,2021-03-19 14:05:41,2021-03-19 14:10:59,1.914,318000.0,journey,,
id01,2021-03-19 15:13:15,2021-03-19 15:14:18,0.015,63000.0,journey,,
id01,2021-03-20 12:13:27,2021-03-20 12:23:47,7.251,620000.0,journey,,
id01,2021-03-20 13:29:32,2021-03-20 13:39:04,7.242000000000001,572000.0,journey,,
id01,2021-03-20 13:41:43,2021-03-21 11:15:36,,,charging,09:08:56,59.555
id01,2021-03-21 11:17:32,2021-03-21 11:30:47,8.241,795000.0,journey,,
id01,2021-03-21 12:59:41,2021-03-21 13:12:59,8.227,798000.0,journey,,
id01,2021-03-21 14:48:43,2021-03-21 14:55:03,3.834,380000.0,journey,,
id01,2021-03-21 16:49:38,2021-03-21 16:55:26,3.467,348000.0,journey,,
id01,2021-03-22 09:04:13,2021-03-22 09:13:30,7.343,557000.0,journey,,
id01,2021-03-22 09:14:59,2021-03-22 09:24:22,8.072000000000001,563000.0,journey,,
id01,2021-03-22 09:27:33,2021-03-22 09:31:22,1.794,229000.0,journey,,
id01,2021-03-22 13:19:42,2021-03-22 13:29:47,7.352,605000.0,journey,,
id01,2021-03-22 13:38:11,2021-03-22 13:47:44,7.247000000000001,573000.0,journey,,
id01,2021-03-22 13:48:22,2021-03-22 13:49:28,0.134,66000.0,journey,,
id01,2021-03-22 13:57:16,2021-03-22 14:01:30,1.7380000000000002,254000.0,journey,,
id01,2021-03-22 14:06:55,2021-03-22 14:12:05,1.925,310000.0,journey,,
id01,2021-03-23 09:00:52,2021-03-23 09:01:23,0.0,31000.0,journey,,
id01,2021-03-23 09:02:57,2021-03-23 09:10:59,7.332000000000001,482000.0,journey,,
id01,2021-03-23 09:12:28,2021-03-23 09:21:15,8.025,527000.0,journey,,
id01,2021-03-23 09:22:28,2021-03-23 09:27:24,1.798,296000.0,journey,,
id01,2021-03-23 13:34:39,2021-03-23 13:43:41,7.468,542000.0,journey,,
id01,2021-03-23 13:46:03,2021-03-23 13:55:41,8.142000000000001,578000.0,journey,,
id01,2021-03-23 14:02:53,2021-03-23 14:12:24,7.655,571000.0,journey,,
id01,2021-03-23 14:16:58,2021-03-23 14:28:52,10.567,714000.0,journey,,
id01,2021-03-23 14:37:13,2021-03-23 14:42:34,3.446,321000.0,journey,,
id01,2021-03-24 08:59:18,2021-03-24 09:06:59,6.6770000000000005,461000.0,journey,,
id01,2021-03-24 09:07:15,2021-03-24 09:09:24,0.607,129000.0,journey,,
id01,2021-03-24 09:11:19,2021-03-24 09:21:06,8.079,587000.0,journey,,
id01,2021-03-24 09:22:59,2021-03-24 09:24:15,0.102,76000.0,journey,,
id01,2021-03-24 09:55:46,2021-03-24 09:59:05,1.611,199000.0,journey,,
id01,2021-03-24 11:54:22,2021-03-24 12:03:21,7.383999999999999,539000.0,journey,,
id01,2021-03-24 12:04:24,2021-03-24 12:09:35,3.854,311000.0,journey,,
id01,2021-03-24 12:10:17,2021-03-24 12:15:21,3.467,304000.0,journey,,
id01,2021-03-24 13:56:54,2021-03-24 14:00:58,1.79,244000.0,journey,,
id01,2021-03-24 14:03:45,2021-03-24 14:07:27,1.7080000000000002,222000.0,journey,,
id01,2021-03-25 08:51:10,2021-03-25 08:59:51,7.329,521000.0,journey,,
id01,2021-03-25 09:01:53,2021-03-25 09:11:56,8.11,603000.0,journey,,
id01,2021-03-25 09:13:35,2021-03-25 09:19:28,3.526,353000.0,journey,,
id01,2021-03-25 09:56:06,2021-03-25 10:00:51,2.665,285000.0,journey,,
id01,2021-03-25 11:53:00,2021-03-25 12:01:49,7.397,529000.0,journey,,
id01,2021-03-25 12:08:27,2021-03-25 12:10:02,0.212,95000.0,journey,,
id01,2021-03-25 12:41:58,2021-03-25 12:48:05,3.886,367000.0,journey,,
id01,2021-03-25 13:26:57,2021-03-25 13:39:21,3.935,744000.0,journey,,
id01,2021-03-25 13:57:37,2021-03-25 14:02:22,1.6869999999999998,285000.0,journey,,
id01,2021-03-25 14:05:00,2021-03-25 14:09:46,1.786,286000.0,journey,,
id01,2021-03-25 17:02:01,2021-03-25 17:15:57,8.657,836000.0,journey,,
id01,2021-03-25 17:19:40,2021-03-25 17:25:05,2.482,325000.0,journey,,
id01,2021-03-25 17:47:29,2021-03-25 18:03:05,10.095,936000.0,journey,,
id01,2021-03-25 18:06:43,2021-03-25 18:11:28,1.321,285000.0,journey,,
id01,2021-03-25 19:14:31,2021-03-25 19:17:14,0.711,163000.0,journey,,
id01,2021-03-25 20:49:02,2021-03-25 21:09:11,15.966,1209000.0,journey,,
id01,2021-03-25 22:53:21,2021-03-25 22:59:47,3.529,386000.0,journey,,
id01,2021-03-26 09:05:05,2021-03-26 09:13:51,7.365,526000.0,journey,,
id01,2021-03-26 09:15:18,2021-03-26 09:24:21,8.111,543000.0,journey,,
id01,2021-03-26 09:26:49,2021-03-26 09:31:25,1.945,276000.0,journey,,
id01,2021-03-26 11:53:40,2021-03-26 12:02:56,7.325,556000.0,journey,,
id01,2021-03-26 12:04:52,2021-03-26 12:06:27,0.184,95000.0,journey,,
id01,2021-03-26 12:19:04,2021-03-26 12:24:38,3.967,334000.0,journey,,
id01,2021-03-26 12:27:20,2021-03-26 12:33:40,4.051,380000.0,journey,,
id01,2021-03-26 15:39:07,2021-03-26 16:00:49,16.657,1302000.0,journey,,
id01,2021-03-26 16:03:22,2021-03-26 16:06:01,0.736,159000.0,journey,,
id01,2021-03-26 17:27:11,2021-03-26 17:30:53,1.266,222000.0,journey,,
id01,2021-03-26 17:38:38,2021-03-26 17:40:14,0.153,96000.0,journey,,
id01,2021-03-26 17:40:37,2021-03-26 18:00:11,15.835,1174000.0,journey,,
id01,2021-03-26 17:59:45,2021-03-27 10:33:24,,,charging,09:09:56,58.912
id01,2021-03-27 10:34:29,2021-03-27 10:38:52,1.219,263000.0,journey,,
id01,2021-03-27 10:51:50,2021-03-27 11:00:25,4.598,515000.0,journey,,
id01,2021-03-27 11:00:37,2021-03-27 11:01:45,0.075,68000.0,journey,,
id01,2021-03-27 11:03:02,2021-03-27 11:05:09,0.173,127000.0,journey,,
id01,2021-03-27 11:10:21,2021-03-27 11:14:03,1.193,222000.0,journey,,
id01,2021-03-27 11:16:23,2021-03-27 11:23:00,4.672,397000.0,journey,,
id01,2021-03-27 11:23:14,2021-03-27 11:26:43,1.815,209000.0,journey,,
id01,2021-03-27 11:58:36,2021-03-27 12:04:23,4.062,347000.0,journey,,
id01,2021-03-27 12:10:37,2021-03-27 12:22:06,7.412000000000001,689000.0,journey,,
id01,2021-03-28 12:42:39,2021-03-28 12:44:52,0.392,133000.0,journey,,
id01,2021-03-28 12:45:40,2021-03-28 12:47:47,0.406,127000.0,journey,,
id01,2021-03-28 12:49:47,2021-03-28 12:56:39,3.799,412000.0,journey,,
id01,2021-03-28 14:27:31,2021-03-28 14:33:22,3.507,351000.0,journey,,
id01,2021-03-29 07:54:09,2021-03-29 08:05:49,9.658,700000.0,journey,,
id01,2021-03-29 08:06:34,2021-03-29 08:11:57,3.939,323000.0,journey,,
id01,2021-03-29 08:13:05,2021-03-29 08:23:09,7.337999999999999,604000.0,journey,,
id01,2021-03-29 10:53:39,2021-03-29 11:02:26,7.346,527000.0,journey,,
id01,2021-03-29 11:03:44,2021-03-29 11:14:18,7.332999999999999,634000.0,journey,,
id01,2021-03-30 07:40:03,2021-03-30 07:49:19,7.371,556000.0,journey,,
id01,2021-03-30 07:52:46,2021-03-30 08:01:30,7.308,524000.0,journey,,
id01,2021-03-30 09:18:34,2021-03-30 09:19:06,0.004,32000.0,journey,,
id01,2021-03-30 09:19:29,2021-03-30 09:25:50,4.517,381000.0,journey,,
id01,2021-03-30 09:26:08,2021-03-30 09:39:58,12.001,830000.0,journey,,
id01,2021-03-30 09:42:03,2021-03-30 09:45:27,0.732,204000.0,journey,,
id01,2021-03-30 10:50:14,2021-03-30 11:05:49,12.491,935000.0,journey,,
id01,2021-03-30 11:07:38,2021-03-30 11:08:43,0.136,65000.0,journey,,
id01,2021-03-30 12:30:40,2021-03-30 12:40:12,7.295,572000.0,journey,,
id01,2021-03-30 17:28:07,2021-03-30 17:35:30,3.812,443000.0,journey,,
id01,2021-03-30 18:49:41,2021-03-30 18:55:58,3.49,377000.0,journey,,
id01,2021-03-31 10:11:47,2021-03-31 10:23:25,8.611,698000.0,journey,,
id01,2021-03-31 11:43:27,2021-03-31 11:55:36,8.65,729000.0,journey,,
id01,2021-03-31 18:29:02,2021-03-31 18:46:33,14.444,1051000.0,journey,,
id01,2021-03-31 18:50:29,2021-03-31 18:54:47,2.15,258000.0,journey,,
id01,2021-03-31 19:30:01,2021-03-31 19:33:43,0.716,222000.0,journey,,
id01,2021-03-31 19:57:14,2021-03-31 19:58:30,0.132,76000.0,journey,,
id01,2021-03-31 19:58:48,2021-03-31 20:19:43,15.851,1255000.0,journey,,
id01,2021-04-01 12:00:46,2021-04-01 12:07:38,2.228,412000.0,journey,,
id01,2021-04-01 12:20:26,2021-04-01 12:31:03,7.971,637000.0,journey,,
id01,2021-04-02 10:36:02,2021-04-02 10:37:05,0.004,63000.0,journey,,
id01,2021-04-02 18:26:17,2021-04-02 18:26:49,0.049,32000.0,journey,,
id01,2021-04-03 07:57:54,2021-04-03 08:07:12,7.257999999999999,558000.0,journey,,
id01,2021-04-03 09:51:02,2021-04-03 10:03:47,10.477,765000.0,journey,,
id01,2021-04-03 10:59:18,2021-04-03 11:14:43,11.797,925000.0,journey,,
id01,2021-04-03 11:51:39,2021-04-03 12:00:05,7.278,506000.0,journey,,
id01,2021-04-03 12:06:13,2021-04-03 12:13:24,6.111000000000001,431000.0,journey,,
id01,2021-04-03 12:15:04,2021-04-03 12:19:49,2.422,285000.0,journey,,
id01,2021-04-03 14:19:03,2021-04-03 14:20:06,0.024,63000.0,journey,,
id01,2021-04-03 20:03:00,2021-04-03 20:04:03,0.017,63000.0,journey,,
id01,2021-04-04 13:39:39,2021-04-04 13:46:30,3.58,411000.0,journey,,
id01,2021-04-04 14:17:06,2021-04-04 14:23:15,3.822,369000.0,journey,,
id01,2021-04-05 10:39:06,2021-04-05 10:53:22,8.29,856000.0,journey,,
id01,2021-04-05 12:02:30,2021-04-05 12:17:12,10.453,882000.0,journey,,
id01,2021-04-05 12:23:23,2021-04-05 12:26:33,0.667,190000.0,journey,,
id01,2021-04-05 12:44:55,2021-04-05 12:47:33,0.332,158000.0,journey,,
id01,2021-04-05 13:22:01,2021-04-05 13:22:33,0.001,32000.0,journey,,
id01,2021-04-05 13:23:12,2021-04-05 13:26:22,0.4639999999999999,190000.0,journey,,
id01,2021-04-05 13:36:04,2021-04-05 13:37:39,0.146,95000.0,journey,,
id01,2021-04-05 13:38:01,2021-04-05 13:57:54,15.828,1193000.0,journey,,
id01,2021-04-05 13:58:04,2021-04-05 16:42:12,,,charging,02:44:03,18.575
id01,2021-04-05 16:42:48,2021-04-05 16:43:19,0.001,31000.0,journey,,
id01,2021-04-05 16:43:05,2021-04-05 16:45:41,,,charging,00:02:30,0.257
id01,2021-04-05 16:46:14,2021-04-05 16:47:50,0.031,96000.0,journey,,
id01,2021-04-05 16:47:30,2021-04-05 18:53:05,,,charging,02:05:29,13.772
id01,2021-04-05 18:53:37,2021-04-05 18:54:09,0.0,32000.0,journey,,
id01,2021-04-05 18:55:35,2021-04-06 10:02:32,,,charging,03:04:55,18.71
id01,2021-04-06 10:11:15,2021-04-06 10:20:01,7.205,526000.0,journey,,
id01,2021-04-06 11:37:42,2021-04-06 11:47:15,7.312,573000.0,journey,,
id01,2021-04-07 11:58:09,2021-04-07 12:12:25,10.343,856000.0,journey,,
id01,2021-04-07 13:34:24,2021-04-07 13:40:45,2.899,381000.0,journey,,
id01,2021-04-07 13:46:47,2021-04-07 13:51:54,3.933,307000.0,journey,,
id01,2021-04-07 14:05:51,2021-04-07 14:06:54,0.027,63000.0,journey,,
id01,2021-04-07 14:26:49,2021-04-07 14:32:07,3.448,318000.0,journey,,
id01,2021-04-08 10:58:28,2021-04-08 11:04:18,3.816,350000.0,journey,,
id01,2021-04-08 12:35:14,2021-04-08 12:40:38,3.2710000000000004,324000.0,journey,,
id01,2021-04-08 12:42:39,2021-04-08 12:43:52,0.045,73000.0,journey,,
id01,2021-04-08 15:52:25,2021-04-08 16:12:48,16.619,1223000.0,journey,,
id01,2021-04-08 16:17:27,2021-04-08 16:53:56,32.226,2189000.0,journey,,
id01,2021-04-08 17:12:42,2021-04-08 17:16:24,1.058,222000.0,journey,,
id01,2021-04-08 18:04:08,2021-04-08 18:06:53,0.6940000000000001,165000.0,journey,,
id01,2021-04-08 18:44:58,2021-04-08 19:02:56,14.93,1078000.0,journey,,
id01,2021-04-08 21:25:19,2021-04-08 21:29:01,1.143,222000.0,journey,,
id01,2021-04-09 09:40:23,2021-04-09 09:40:55,0.238,32000.0,journey,,
id01,2021-04-09 13:04:23,2021-04-09 13:07:02,1.047,159000.0,journey,,
id01,2021-04-09 15:20:37,2021-04-09 15:23:47,1.079,190000.0,journey,,
id01,2021-04-11 10:28:02,2021-04-11 10:29:06,0.012,64000.0,journey,,
id01,2021-04-11 10:31:13,2021-04-11 10:50:02,15.599,1129000.0,journey,,
id01,2021-04-11 13:10:40,2021-04-11 13:32:22,15.78,1302000.0,journey,,
id01,2021-04-11 14:18:19,2021-04-11 14:34:09,13.611,950000.0,journey,,
id01,2021-04-11 16:00:14,2021-04-11 16:03:56,1.354,222000.0,journey,,
id01,2021-04-11 16:04:50,2021-04-11 16:16:46,6.869,716000.0,journey,,
id01,2021-04-11 17:07:06,2021-04-11 17:22:15,10.672,909000.0,journey,,
id01,2021-04-11 19:16:57,2021-04-11 19:17:29,0.024,32000.0,journey,,
id01,2021-04-12 08:02:23,2021-04-12 08:03:30,0.1119999999999999,67000.0,journey,,
id01,2021-04-12 08:04:09,2021-04-12 08:12:33,7.157,504000.0,journey,,
id01,2021-04-12 08:13:48,2021-04-12 08:23:21,8.051,573000.0,journey,,
id01,2021-04-12 08:24:38,2021-04-12 08:27:16,0.195,158000.0,journey,,
id01,2021-04-12 08:32:47,2021-04-12 08:36:21,1.622,214000.0,journey,,
id01,2021-04-12 10:52:59,2021-04-12 11:03:02,7.343,603000.0,journey,,
id01,2021-04-12 11:04:24,2021-04-12 11:05:31,0.186,67000.0,journey,,
id01,2021-04-12 12:31:57,2021-04-12 12:37:30,3.884,333000.0,journey,,
id01,2021-04-12 12:38:43,2021-04-12 12:44:02,3.4760000000000004,319000.0,journey,,
id01,2021-04-12 12:58:11,2021-04-12 13:02:24,1.722,253000.0,journey,,
id01,2021-04-12 13:07:09,2021-04-12 13:15:35,3.536,506000.0,journey,,
id01,2021-04-13 07:52:03,2021-04-13 08:01:37,7.374,574000.0,journey,,
id01,2021-04-13 08:03:33,2021-04-13 08:05:40,0.494,127000.0,journey,,
id01,2021-04-13 08:08:18,2021-04-13 08:17:36,8.079,558000.0,journey,,
id01,2021-04-13 08:19:37,2021-04-13 08:20:08,0.0,31000.0,journey,,
id01,2021-04-13 08:21:49,2021-04-13 08:26:24,1.784,275000.0,journey,,
id01,2021-04-13 10:55:37,2021-04-13 11:04:44,7.369,547000.0,journey,,
id01,2021-04-13 11:07:15,2021-04-13 11:08:50,0.2269999999999999,95000.0,journey,,
id01,2021-04-13 11:36:35,2021-04-13 11:42:10,3.867,335000.0,journey,,
id01,2021-04-13 12:25:17,2021-04-13 12:30:35,3.4730000000000003,318000.0,journey,,
id01,2021-04-13 12:56:18,2021-04-13 13:01:03,1.6769999999999998,285000.0,journey,,
id01,2021-04-13 13:08:04,2021-04-13 13:19:56,7.649,712000.0,journey,,
id01,2021-04-13 14:24:58,2021-04-13 14:36:03,8.482999999999999,665000.0,journey,,
id01,2021-04-13 14:36:50,2021-04-13 14:37:53,0.075,63000.0,journey,,
id01,2021-04-14 07:59:31,2021-04-14 08:09:23,7.364,592000.0,journey,,
id01,2021-04-14 08:10:18,2021-04-14 08:20:38,8.131,620000.0,journey,,
id01,2021-04-14 08:21:25,2021-04-14 08:25:38,1.811,253000.0,journey,,
id01,2021-04-14 10:55:33,2021-04-14 11:04:38,7.36,545000.0,journey,,
id01,2021-04-14 11:06:06,2021-04-14 11:10:19,1.388,253000.0,journey,,
id01,2021-04-14 11:28:54,2021-04-14 11:35:16,3.863,382000.0,journey,,
id01,2021-04-14 12:07:43,2021-04-14 12:13:32,3.467,349000.0,journey,,
id01,2021-04-14 12:57:29,2021-04-14 13:01:11,1.658,222000.0,journey,,
id01,2021-04-14 13:12:35,2021-04-14 13:14:42,0.5539999999999999,127000.0,journey,,
id01,2021-04-14 14:14:02,2021-04-14 14:17:44,1.272,222000.0,journey,,
id01,2021-04-14 15:26:46,2021-04-14 15:27:18,0.001,32000.0,journey,,
id01,2021-04-15 08:02:06,2021-04-15 08:12:14,7.381,608000.0,journey,,
id01,2021-04-15 08:14:06,2021-04-15 08:24:41,8.231,635000.0,journey,,
id01,2021-04-15 08:26:31,2021-04-15 08:38:56,8.334,745000.0,journey,,
id01,2021-04-15 09:48:10,2021-04-15 10:02:42,9.52,872000.0,journey,,
id01,2021-04-15 10:55:01,2021-04-15 11:03:47,7.347,526000.0,journey,,
id01,2021-04-15 11:06:25,2021-04-15 11:06:57,0.0,32000.0,journey,,
id01,2021-04-15 11:08:39,2021-04-15 11:10:14,0.271,95000.0,journey,,
id01,2021-04-15 11:13:21,2021-04-15 11:30:43,13.079,1042000.0,journey,,
id01,2021-04-15 11:43:57,2021-04-15 11:47:39,0.928,222000.0,journey,,
id01,2021-04-15 12:49:10,2021-04-15 12:52:51,2.059,221000.0,journey,,
id01,2021-04-15 12:53:08,2021-04-15 13:07:09,12.9,841000.0,journey,,
id01,2021-04-15 13:10:42,2021-04-15 13:11:14,0.001,32000.0,journey,,
id01,2021-04-15 13:11:52,2021-04-15 13:14:30,0.445,158000.0,journey,,
id01,2021-04-15 14:28:22,2021-04-15 14:33:33,4.0360000000000005,311000.0,journey,,
id01,2021-04-15 14:35:27,2021-04-15 14:40:43,3.387,316000.0,journey,,
id01,2021-04-15 21:06:10,2021-04-15 21:12:01,3.533,351000.0,journey,,
id01,2021-04-15 22:47:53,2021-04-15 22:53:59,3.745,366000.0,journey,,
id01,2021-04-15 22:54:12,2021-04-16 07:59:29,,,charging,09:05:11,60.56100000000001
id01,2021-04-16 08:01:26,2021-04-16 08:10:26,7.352,540000.0,journey,,
id01,2021-04-16 08:11:30,2021-04-16 08:21:33,8.109,603000.0,journey,,
id01,2021-04-16 08:23:48,2021-04-16 08:35:04,8.517000000000001,676000.0,journey,,
id01,2021-04-16 08:59:33,2021-04-16 09:12:46,9.547,793000.0,journey,,
id01,2021-04-16 10:53:29,2021-04-16 11:02:20,7.407,531000.0,journey,,
id01,2021-04-16 11:06:56,2021-04-16 11:08:38,0.2,102000.0,journey,,
id01,2021-04-16 11:08:55,2021-04-16 11:18:15,7.138,560000.0,journey,,
id01,2021-04-16 12:58:39,2021-04-16 13:02:26,1.7280000000000002,227000.0,journey,,
id01,2021-04-16 13:04:24,2021-04-16 13:09:41,3.143,317000.0,journey,,
id01,2021-04-16 13:11:32,2021-04-16 13:17:31,5.026,359000.0,journey,,
id01,2021-04-16 13:19:33,2021-04-16 13:28:57,7.245,564000.0,journey,,
id01,2021-04-16 14:07:22,2021-04-16 14:12:07,1.689,285000.0,journey,,
id01,2021-04-16 14:46:20,2021-04-16 14:52:42,2.748,382000.0,journey,,
id01,2021-04-16 15:07:13,2021-04-16 15:16:34,7.343,561000.0,journey,,
id01,2021-04-16 15:21:59,2021-04-16 15:27:21,4.053,322000.0,journey,,
id01,2021-04-16 15:27:37,2021-04-16 15:29:44,0.2739999999999999,127000.0,journey,,
id01,2021-04-16 15:52:49,2021-04-16 15:59:26,3.915,397000.0,journey,,
id01,2021-04-17 10:56:30,2021-04-17 10:57:33,0.004,63000.0,journey,,
id01,2021-04-18 10:27:26,2021-04-18 10:51:31,17.182000000000002,1445000.0,journey,,
id01,2021-04-18 11:06:40,2021-04-18 11:08:16,0.118,96000.0,journey,,
id01,2021-04-18 12:07:00,2021-04-18 12:11:46,1.629,286000.0,journey,,
id01,2021-04-18 12:14:39,2021-04-18 12:31:58,14.401,1039000.0,journey,,
id01,2021-04-19 08:02:35,2021-04-19 08:11:35,7.34,540000.0,journey,,
id01,2021-04-19 08:12:39,2021-04-19 08:22:11,8.116,572000.0,journey,,
id01,2021-04-19 08:24:06,2021-04-19 08:25:10,0.11,64000.0,journey,,
id01,2021-04-19 08:25:11,2021-04-19 08:36:31,8.39,680000.0,journey,,
id01,2021-04-19 09:14:19,2021-04-19 09:26:33,9.48,734000.0,journey,,
id01,2021-04-19 10:55:13,2021-04-19 11:04:28,7.314,555000.0,journey,,
id01,2021-04-19 11:06:26,2021-04-19 11:12:04,3.925,338000.0,journey,,
id01,2021-04-19 11:57:36,2021-04-19 12:03:25,3.445,349000.0,journey,,
id01,2021-04-19 12:58:29,2021-04-19 13:02:11,1.6980000000000002,222000.0,journey,,
id01,2021-04-19 13:07:36,2021-04-19 13:11:27,1.601,231000.0,journey,,
id01,2021-04-19 13:11:56,2021-04-19 13:13:07,0.085,71000.0,journey,,
id01,2021-04-19 13:55:23,2021-04-19 14:16:01,16.668,1238000.0,journey,,
id01,2021-04-19 14:48:08,2021-04-19 15:07:40,16.65,1172000.0,journey,,
id01,2021-04-20 07:56:42,2021-04-20 08:05:57,7.364,555000.0,journey,,
id01,2021-04-20 08:07:45,2021-04-20 08:17:04,8.031,559000.0,journey,,
id01,2021-04-20 08:18:05,2021-04-20 08:22:50,1.91,285000.0,journey,,
id01,2021-04-20 10:56:01,2021-04-20 11:04:59,7.358,538000.0,journey,,
id01,2021-04-20 11:06:13,2021-04-20 11:07:22,0.122,69000.0,journey,,
id01,2021-04-20 12:07:55,2021-04-20 12:17:09,7.301,554000.0,journey,,
id01,2021-04-20 12:58:24,2021-04-20 13:02:05,1.668,221000.0,journey,,
id01,2021-04-20 13:09:57,2021-04-20 13:20:30,7.62,633000.0,journey,,
id01,2021-04-20 14:26:07,2021-04-20 14:38:15,8.648,728000.0,journey,,
id01,2021-04-21 08:00:10,2021-04-21 08:09:41,7.362,571000.0,journey,,
id01,2021-04-21 08:11:54,2021-04-21 08:21:44,8.099,590000.0,journey,,
id01,2021-04-21 08:24:03,2021-04-21 08:35:42,8.539,699000.0,journey,,
id01,2021-04-21 09:22:39,2021-04-21 09:34:48,9.462,729000.0,journey,,
id01,2021-04-21 10:52:17,2021-04-21 11:01:47,7.352,570000.0,journey,,
id01,2021-04-21 11:04:21,2021-04-21 11:05:26,0.146,65000.0,journey,,
id01,2021-04-21 12:03:24,2021-04-21 12:08:57,3.863,333000.0,journey,,
id01,2021-04-21 12:12:55,2021-04-21 12:18:12,3.465,317000.0,journey,,
id01,2021-04-21 12:58:24,2021-04-21 13:02:37,1.669,253000.0,journey,,
id01,2021-04-21 13:09:09,2021-04-21 13:14:59,1.888,350000.0,journey,,
id01,2021-04-21 16:42:01,2021-04-21 16:45:46,1.7990000000000002,225000.0,journey,,
id01,2021-04-21 16:46:06,2021-04-21 17:04:19,14.764,1093000.0,journey,,
id01,2021-04-21 18:00:34,2021-04-21 18:03:23,0.711,169000.0,journey,,
id01,2021-04-21 18:42:08,2021-04-21 19:02:28,15.219,1220000.0,journey,,
id01,2021-04-21 21:18:30,2021-04-21 21:22:11,1.446,221000.0,journey,,
id01,2021-04-21 21:22:21,2021-04-22 08:04:41,,,charging,09:10:56,60.191
id01,2021-04-22 08:05:54,2021-04-22 08:14:38,7.35,524000.0,journey,,
id01,2021-04-22 08:15:24,2021-04-22 08:24:27,8.027999999999999,543000.0,journey,,
id01,2021-04-22 08:26:54,2021-04-22 08:31:15,1.722,261000.0,journey,,
id01,2021-04-22 09:15:17,2021-04-22 09:34:34,16.667,1157000.0,journey,,
id01,2021-04-22 09:48:21,2021-04-22 09:52:03,0.606,222000.0,journey,,
id01,2021-04-22 10:05:47,2021-04-22 10:16:52,5.416,665000.0,journey,,
id01,2021-04-22 10:29:38,2021-04-22 10:34:23,2.252,285000.0,journey,,
id01,2021-04-22 10:41:07,2021-04-22 10:52:11,10.09,664000.0,journey,,
id01,2021-04-22 10:56:59,2021-04-22 11:03:21,3.587,382000.0,journey,,
id01,2021-04-22 11:05:09,2021-04-22 11:06:44,0.177,95000.0,journey,,
id01,2021-04-22 11:44:23,2021-04-22 11:49:57,3.896,334000.0,journey,,
id01,2021-04-22 11:51:47,2021-04-22 11:58:08,3.489,381000.0,journey,,
id01,2021-04-22 12:58:40,2021-04-22 13:02:53,1.714,253000.0,journey,,
id01,2021-04-22 13:11:13,2021-04-22 13:15:44,1.65,271000.0,journey,,
id01,2021-04-22 13:16:13,2021-04-22 13:17:26,0.062,73000.0,journey,,
id01,2021-04-22 14:00:53,2021-04-22 14:12:37,8.221,704000.0,journey,,
id01,2021-04-22 14:19:37,2021-04-22 14:24:39,2.365,302000.0,journey,,
id01,2021-04-22 15:34:47,2021-04-22 15:47:27,9.561,760000.0,journey,,
id01,2021-04-22 15:48:06,2021-04-22 15:48:38,0.0,32000.0,journey,,
id01,2021-04-22 16:53:39,2021-04-22 17:02:06,7.483,507000.0,journey,,
id01,2021-04-22 17:27:54,2021-04-22 17:34:46,4.102,412000.0,journey,,
id01,2021-04-22 18:31:15,2021-04-22 18:38:08,4.446000000000001,413000.0,journey,,
id01,2021-04-22 18:48:56,2021-04-22 18:54:38,4.045,342000.0,journey,,
id01,2021-04-22 19:11:16,2021-04-22 19:12:52,0.489,96000.0,journey,,
id01,2021-04-22 19:14:23,2021-04-22 19:19:24,3.733,301000.0,journey,,
id01,2021-04-22 19:28:30,2021-04-22 19:29:02,0.0,32000.0,journey,,
id01,2021-04-22 19:30:22,2021-04-22 19:40:09,7.307,587000.0,journey,,
id01,2021-04-22 19:42:51,2021-04-22 19:43:55,0.053,64000.0,journey,,
id01,2021-04-23 07:53:52,2021-04-23 08:03:40,7.366,588000.0,journey,,
id01,2021-04-23 08:06:07,2021-04-23 08:16:52,8.126,645000.0,journey,,
id01,2021-04-23 08:17:49,2021-04-23 08:22:34,1.923,285000.0,journey,,
id01,2021-04-23 09:31:13,2021-04-23 09:36:31,3.53,318000.0,journey,,
id01,2021-04-23 09:50:51,2021-04-23 10:10:24,16.518,1173000.0,journey,,
id01,2021-04-23 10:12:32,2021-04-23 10:14:38,0.494,126000.0,journey,,
id01,2021-04-23 10:21:08,2021-04-23 10:23:15,0.489,127000.0,journey,,
id01,2021-04-23 12:23:22,2021-04-23 12:24:25,0.107,63000.0,journey,,
id01,2021-04-23 12:29:18,2021-04-23 12:32:28,0.684,190000.0,journey,,
id01,2021-04-23 12:32:45,2021-04-23 12:51:47,15.724,1142000.0,journey,,
id01,2021-04-23 12:52:13,2021-04-23 12:58:20,3.419,367000.0,journey,,
id01,2021-04-23 12:58:38,2021-04-23 13:02:19,1.6869999999999998,221000.0,journey,,
id01,2021-04-23 13:06:22,2021-04-23 13:11:29,1.7990000000000002,307000.0,journey,,
id01,2021-04-24 08:04:22,2021-04-24 08:10:40,3.551,378000.0,journey,,
id01,2021-04-24 08:12:58,2021-04-24 09:13:35,60.809,3637000.0,journey,,
id01,2021-04-24 09:20:37,2021-04-24 09:32:20,5.518,703000.0,journey,,
id01,2021-04-24 09:46:04,2021-04-24 09:53:43,2.585,459000.0,journey,,
id01,2021-04-24 09:55:06,2021-04-24 09:57:12,0.304,126000.0,journey,,
id01,2021-04-24 10:26:08,2021-04-24 10:28:15,0.146,127000.0,journey,,
id01,2021-04-24 10:29:20,2021-04-24 10:34:05,0.568,285000.0,journey,,
id01,2021-04-24 11:11:57,2021-04-24 11:14:35,0.1689999999999999,158000.0,journey,,
id01,2021-04-24 11:14:51,2021-04-24 11:15:54,0.13,63000.0,journey,,
id01,2021-04-24 11:16:59,2021-04-24 11:18:02,0.147,63000.0,journey,,
id01,2021-04-24 11:37:07,2021-04-24 11:43:58,2.006,411000.0,journey,,
id01,2021-04-24 12:25:24,2021-04-24 12:58:39,33.501,1995000.0,journey,,
id01,2021-04-24 12:59:50,2021-04-24 13:24:35,23.887,1485000.0,journey,,
id01,2021-04-24 14:05:56,2021-04-24 14:18:19,8.89,743000.0,journey,,
id01,2021-04-24 18:13:19,2021-04-24 18:14:22,0.012,63000.0,journey,,
id01,2021-04-25 13:58:21,2021-04-25 14:04:11,3.5660000000000003,350000.0,journey,,
id01,2021-04-25 15:05:09,2021-04-25 15:12:01,3.752,412000.0,journey,,
id01,2021-04-25 15:15:39,2021-04-25 15:22:51,3.804,432000.0,journey,,
id01,2021-04-25 16:04:13,2021-04-25 16:10:18,3.528,365000.0,journey,,
id01,2021-04-25 17:12:33,2021-04-25 17:13:05,0.0,32000.0,journey,,
id01,2021-04-26 07:55:50,2021-04-26 08:04:50,7.367000000000001,540000.0,journey,,
id01,2021-04-26 08:10:41,2021-04-26 08:20:30,8.148,589000.0,journey,,
id01,2021-04-26 08:28:11,2021-04-26 08:32:24,1.784,253000.0,journey,,
id01,2021-04-26 10:53:01,2021-04-26 11:02:32,7.345,571000.0,journey,,
id01,2021-04-26 11:03:53,2021-04-26 11:05:28,0.204,95000.0,journey,,
id01,2021-04-26 11:06:26,2021-04-26 11:12:32,3.874,366000.0,journey,,
id01,2021-04-26 11:38:24,2021-04-26 11:43:51,3.477,327000.0,journey,,
id01,2021-04-26 12:58:58,2021-04-26 13:03:11,1.722,253000.0,journey,,
id01,2021-04-26 13:07:02,2021-04-26 13:09:40,0.4629999999999999,158000.0,journey,,
id01,2021-04-26 13:12:41,2021-04-26 13:16:02,1.242,201000.0,journey,,
id01,2021-04-27 07:56:03,2021-04-27 08:05:46,7.367000000000001,583000.0,journey,,
id01,2021-04-27 08:06:46,2021-04-27 08:16:04,8.0,558000.0,journey,,
id01,2021-04-27 08:16:55,2021-04-27 08:18:34,0.184,99000.0,journey,,
id01,2021-04-27 08:19:02,2021-04-27 08:19:33,0.0,31000.0,journey,,
id01,2021-04-27 08:22:23,2021-04-27 08:25:03,1.134,160000.0,journey,,
id01,2021-04-27 09:03:50,2021-04-27 09:06:04,0.547,134000.0,journey,,
id01,2021-04-27 09:07:08,2021-04-27 10:54:15,,,charging,01:47:02,12.197
id01,2021-04-27 10:55:10,2021-04-27 11:04:43,7.334,573000.0,journey,,
id01,2021-04-27 11:06:04,2021-04-27 11:07:39,0.154,95000.0,journey,,
id01,2021-04-27 12:08:38,2021-04-27 12:14:26,3.877,348000.0,journey,,
id01,2021-04-27 12:35:08,2021-04-27 12:40:25,3.454,317000.0,journey,,
id01,2021-04-27 12:58:05,2021-04-27 13:01:46,1.665,221000.0,journey,,
id01,2021-04-27 13:06:03,2021-04-27 13:10:34,1.796,271000.0,journey,,
id01,2021-04-27 13:10:51,2021-04-27 13:12:01,0.131,70000.0,journey,,
id01,2021-04-28 07:57:59,2021-04-28 08:07:30,7.375,571000.0,journey,,
id01,2021-04-28 08:08:33,2021-04-28 08:18:22,8.012,589000.0,journey,,
id01,2021-04-28 08:19:12,2021-04-28 08:23:26,1.776,254000.0,journey,,
id01,2021-04-28 10:54:00,2021-04-28 11:03:01,7.346,541000.0,journey,,
id01,2021-04-28 11:05:06,2021-04-28 11:06:41,0.198,95000.0,journey,,
id01,2021-04-28 12:12:05,2021-04-28 12:14:12,0.485,127000.0,journey,,
id01,2021-04-28 12:21:03,2021-04-28 12:31:32,7.55,629000.0,journey,,
id01,2021-04-28 12:57:25,2021-04-28 13:01:08,1.671,223000.0,journey,,
id01,2021-04-28 13:11:24,2021-04-28 13:16:27,1.654,303000.0,journey,,
id01,2021-04-28 13:16:44,2021-04-28 13:18:21,0.179,97000.0,journey,,
id01,2021-04-28 14:28:37,2021-04-28 14:34:35,3.559,358000.0,journey,,
id01,2021-04-28 15:42:31,2021-04-28 15:49:59,3.921,448000.0,journey,,
id01,2021-04-29 07:56:09,2021-04-29 08:04:54,7.585,525000.0,journey,,
id01,2021-04-29 08:05:28,2021-04-29 08:06:00,0.0,32000.0,journey,,
id01,2021-04-29 08:06:20,2021-04-29 08:08:27,0.637,127000.0,journey,,
id01,2021-04-29 08:12:42,2021-04-29 08:22:16,8.176,574000.0,journey,,
id01,2021-04-29 08:29:32,2021-04-29 08:32:10,0.7509999999999999,158000.0,journey,,
id01,2021-04-29 08:47:54,2021-04-29 08:50:33,1.002,159000.0,journey,,
id01,2021-04-29 10:57:28,2021-04-29 11:06:11,7.362999999999999,523000.0,journey,,
id01,2021-04-29 11:11:03,2021-04-29 11:12:38,0.201,95000.0,journey,,
id01,2021-04-29 12:05:21,2021-04-29 12:07:28,0.575,127000.0,journey,,
id01,2021-04-29 12:13:12,2021-04-29 12:22:30,7.467,558000.0,journey,,
id01,2021-04-29 12:58:02,2021-04-29 13:02:15,1.683,253000.0,journey,,
id01,2021-04-29 13:07:40,2021-04-29 13:12:41,1.841,301000.0,journey,,
id01,2021-04-29 13:18:03,2021-04-29 14:37:22,,,charging,00:59:51,6.874
id01,2021-04-29 14:40:13,2021-04-29 14:45:30,3.545,317000.0,journey,,
id01,2021-04-29 15:21:07,2021-04-29 15:26:56,3.829,349000.0,journey,,
id01,2021-04-29 15:27:05,2021-04-29 15:28:15,0.044,70000.0,journey,,
id01,2021-04-29 16:03:59,2021-04-29 16:17:43,10.696,824000.0,journey,,
id01,2021-04-29 17:00:43,2021-04-29 17:16:43,10.199,960000.0,journey,,
id01,2021-04-29 19:16:12,2021-04-29 19:21:39,3.489,327000.0,journey,,
id01,2021-04-29 21:59:40,2021-04-29 22:05:16,3.706,336000.0,journey,,
id01,2021-04-29 22:06:49,2021-04-29 22:19:17,,,charging,00:00:26,0.039
id01,2021-04-29 22:19:21,2021-04-30 08:03:15,,,charging,09:43:48,63.451
id01,2021-04-30 08:05:18,2021-04-30 08:14:50,7.041,572000.0,journey,,
id01,2021-04-30 08:19:44,2021-04-30 08:29:19,7.276,575000.0,journey,,
id01,2021-04-30 08:30:33,2021-04-30 08:35:19,1.798,286000.0,journey,,
id01,2021-04-30 09:50:36,2021-04-30 10:01:09,7.5,633000.0,journey,,
id01,2021-04-30 10:03:42,2021-04-30 10:06:57,1.473,195000.0,journey,,
id01,2021-04-30 10:57:57,2021-04-30 11:02:46,2.063,289000.0,journey,,
id01,2021-04-30 11:02:46,2021-04-30 11:03:01,,15000.0,journey,,
id01,2021-04-30 11:03:02,2021-04-30 11:03:34,0.0,32000.0,journey,,
id01,2021-04-30 11:06:28,2021-04-30 11:08:34,0.231,126000.0,journey,,
id01,2021-04-30 11:26:21,2021-04-30 11:31:23,3.837,302000.0,journey,,
id01,2021-04-30 12:57:20,2021-04-30 13:03:26,4.279,366000.0,journey,,
id01,2021-04-30 13:10:19,2021-04-30 13:17:01,4.415,402000.0,journey,,
id01,2021-04-30 15:17:57,2021-04-30 15:24:04,3.99,367000.0,journey,,
id01,2021-04-30 16:11:16,2021-04-30 16:13:54,0.0,158000.0,journey,,
id01,2021-04-30 16:14:21,2021-04-30 16:18:34,0.0,253000.0,journey,,
id01,2021-04-30 16:19:07,2021-04-30 16:23:20,0.0,253000.0,journey,,
id01,2021-04-30 16:23:37,2021-04-30 16:25:12,0.0,95000.0,journey,,
id01,2021-04-30 16:25:28,2021-04-30 16:29:41,0.0,253000.0,journey,,
id01,2021-04-30 16:30:00,2021-04-30 16:30:31,0.0,31000.0,journey,,
id01,2021-04-30 17:49:45,2021-04-30 18:06:41,13.45,1016000.0,journey,,
id01,2021-05-01 13:33:33,2021-05-01 13:46:45,8.244,792000.0,journey,,
id01,2021-05-01 15:41:58,2021-05-01 15:45:08,1.286,190000.0,journey,,
id01,2021-05-01 15:47:51,2021-05-01 15:58:57,6.812,666000.0,journey,,
id01,2021-05-01 19:57:57,2021-05-01 20:03:15,3.57,318000.0,journey,,
id01,2021-05-01 21:09:35,2021-05-01 21:13:10,1.646,215000.0,journey,,
id01,2021-05-01 21:19:05,2021-05-01 21:23:21,2.086,256000.0,journey,,
id01,2021-05-02 10:41:28,2021-05-02 11:03:19,16.123,1311000.0,journey,,
id01,2021-05-02 14:26:11,2021-05-02 14:29:21,0.32,190000.0,journey,,
id01,2021-05-02 14:29:54,2021-05-02 14:43:06,10.236,792000.0,journey,,
id01,2021-05-02 15:24:07,2021-05-02 15:37:42,8.216000000000001,815000.0,journey,,
id01,2021-05-02 16:24:36,2021-05-02 16:32:47,3.821,491000.0,journey,,
id01,2021-05-02 19:16:24,2021-05-02 19:21:48,3.474,324000.0,journey,,
id01,2021-05-03 11:31:54,2021-05-03 11:32:57,0.077,63000.0,journey,,
id01,2021-05-03 12:06:55,2021-05-03 12:25:57,16.62,1142000.0,journey,,
id01,2021-05-03 12:26:16,2021-05-03 13:11:13,49.081,2697000.0,journey,,
id01,2021-05-03 13:13:19,2021-05-03 13:14:22,0.019,63000.0,journey,,
id01,2021-05-03 13:15:11,2021-05-03 13:16:15,0.015,64000.0,journey,,
id01,2021-05-03 13:17:43,2021-05-03 13:18:15,0.0,32000.0,journey,,
id01,2021-05-03 13:21:17,2021-05-03 13:37:40,16.730999999999998,983000.0,journey,,
id01,2021-05-03 13:41:49,2021-05-03 14:31:33,47.981,2984000.0,journey,,
id01,2021-05-04 14:45:07,2021-05-04 14:50:27,3.545,320000.0,journey,,
id01,2021-05-04 15:16:23,2021-05-04 15:22:28,3.893,365000.0,journey,,
id01,2021-05-05 08:09:47,2021-05-05 08:18:36,7.345,529000.0,journey,,
id01,2021-05-05 08:19:25,2021-05-05 08:22:04,0.71,159000.0,journey,,
id01,2021-05-05 08:29:45,2021-05-05 08:31:54,1.006,129000.0,journey,,
id01,2021-05-05 08:33:31,2021-05-05 08:40:32,7.206,421000.0,journey,,
id01,2021-05-05 08:42:23,2021-05-05 08:46:37,1.777,254000.0,journey,,
id01,2021-05-05 10:44:12,2021-05-05 10:52:40,7.375,508000.0,journey,,
id01,2021-05-05 10:56:46,2021-05-05 10:59:25,0.5760000000000001,159000.0,journey,,
id01,2021-05-05 11:01:41,2021-05-05 11:03:16,0.195,95000.0,journey,,
id01,2021-05-05 11:23:44,2021-05-05 11:25:53,0.605,129000.0,journey,,
id01,2021-05-05 11:27:11,2021-05-05 11:33:01,4.148,350000.0,journey,,
id01,2021-05-05 12:44:33,2021-05-05 12:50:22,3.48,349000.0,journey,,
id01,2021-05-06 13:37:18,2021-05-06 13:38:22,0.0279999999999999,64000.0,journey,,
id01,2021-05-06 16:08:28,2021-05-06 16:09:00,0.0,32000.0,journey,,
id01,2021-05-06 16:09:55,2021-05-06 16:31:13,16.646,1278000.0,journey,,
id01,2021-05-06 18:01:20,2021-05-06 18:03:58,0.6920000000000001,158000.0,journey,,
id01,2021-05-06 18:44:25,2021-05-06 18:45:37,0.079,72000.0,journey,,
id01,2021-05-06 18:46:10,2021-05-06 19:03:52,15.862,1062000.0,journey,,
id01,2021-05-07 08:06:29,2021-05-07 08:14:58,7.327999999999999,509000.0,journey,,
id01,2021-05-07 08:17:06,2021-05-07 08:25:41,8.078,515000.0,journey,,
id01,2021-05-07 08:26:53,2021-05-07 08:27:56,0.06,63000.0,journey,,
id01,2021-05-07 08:28:40,2021-05-07 08:38:36,8.017999999999999,596000.0,journey,,
id01,2021-05-07 11:00:12,2021-05-07 11:03:22,1.04,190000.0,journey,,
id01,2021-05-07 11:04:14,2021-05-07 11:06:21,0.217,127000.0,journey,,
id01,2021-05-07 11:31:43,2021-05-07 11:37:00,3.896,317000.0,journey,,
id01,2021-05-07 12:34:20,2021-05-07 12:39:38,3.344,318000.0,journey,,
id01,2021-05-07 12:55:23,2021-05-07 12:59:36,1.695,253000.0,journey,,
id01,2021-05-07 13:10:41,2021-05-07 13:12:58,0.67,137000.0,journey,,
id01,2021-05-07 13:13:15,2021-05-07 13:17:07,1.227,232000.0,journey,,
id01,2021-05-07 13:20:04,2021-05-07 13:20:36,0.002,32000.0,journey,,
id01,2021-05-08 14:19:59,2021-05-08 23:35:23,,,charging,02:59:51,20.307
id01,2021-05-08 23:35:25,2021-05-10 07:59:43,,,charging,07:43:52,45.38399999999999
id01,2021-05-10 08:01:01,2021-05-10 08:10:32,7.585,571000.0,journey,,
id01,2021-05-10 08:13:53,2021-05-10 08:23:28,8.12,575000.0,journey,,
id01,2021-05-10 08:26:51,2021-05-10 08:30:42,1.796,231000.0,journey,,
id01,2021-05-10 08:51:27,2021-05-10 08:51:59,0.0,32000.0,journey,,
id01,2021-05-10 10:53:55,2021-05-10 11:02:26,7.309,511000.0,journey,,
id01,2021-05-10 11:14:33,2021-05-10 11:20:09,3.966,336000.0,journey,,
id01,2021-05-10 12:10:16,2021-05-10 12:15:32,3.4530000000000003,316000.0,journey,,
id01,2021-05-11 07:48:20,2021-05-11 07:57:38,7.316,558000.0,journey,,
id01,2021-05-11 07:58:54,2021-05-11 08:10:48,8.345,714000.0,journey,,
id01,2021-05-11 08:11:31,2021-05-11 08:14:44,1.466,193000.0,journey,,
id01,2021-05-11 08:35:28,2021-05-11 08:37:04,0.045,96000.0,journey,,
id01,2021-05-11 08:38:11,2021-05-11 08:39:14,0.048,63000.0,journey,,
id01,2021-05-11 10:54:32,2021-05-11 11:03:26,7.325,534000.0,journey,,
id01,2021-05-11 11:04:50,2021-05-11 11:07:28,0.703,158000.0,journey,,
id01,2021-05-11 12:46:28,2021-05-11 12:56:25,7.587000000000001,597000.0,journey,,
id01,2021-05-11 12:59:18,2021-05-11 13:05:07,1.781,349000.0,journey,,
id01,2021-05-11 13:07:24,2021-05-11 13:11:37,1.778,253000.0,journey,,
id01,2021-05-12 08:01:42,2021-05-12 08:10:41,7.351,539000.0,journey,,
id01,2021-05-12 08:12:21,2021-05-12 08:21:54,8.005,573000.0,journey,,
id01,2021-05-12 08:23:41,2021-05-12 08:27:56,1.73,255000.0,journey,,
id01,2021-05-12 10:55:16,2021-05-12 11:04:00,7.394,524000.0,journey,,
id01,2021-05-12 11:05:06,2021-05-12 11:06:41,0.161,95000.0,journey,,
id01,2021-05-12 11:37:56,2021-05-12 11:43:13,3.892,317000.0,journey,,
id01,2021-05-12 11:48:20,2021-05-12 11:53:21,3.437,301000.0,journey,,
id01,2021-05-12 12:53:05,2021-05-12 12:57:50,2.007,285000.0,journey,,
id01,2021-05-12 13:08:23,2021-05-12 13:12:04,1.431,221000.0,journey,,
id01,2021-05-12 13:12:45,2021-05-12 13:14:20,0.168,95000.0,journey,,
id01,2021-05-12 16:52:06,2021-05-12 17:12:28,16.145,1222000.0,journey,,
id01,2021-05-12 17:17:42,2021-05-12 17:21:55,0.8959999999999999,253000.0,journey,,
id01,2021-05-12 18:02:25,2021-05-12 18:07:10,1.039,285000.0,journey,,
id01,2021-05-12 18:28:39,2021-05-12 18:31:25,0.466,166000.0,journey,,
id01,2021-05-12 18:44:16,2021-05-12 18:45:51,0.146,95000.0,journey,,
id01,2021-05-12 19:06:13,2021-05-12 19:25:45,16.075,1172000.0,journey,,
id01,2021-05-13 08:08:55,2021-05-13 08:17:54,7.366,539000.0,journey,,
id01,2021-05-13 08:19:07,2021-05-13 08:28:06,8.059,539000.0,journey,,
id01,2021-05-13 08:29:45,2021-05-13 08:40:03,8.482999999999999,618000.0,journey,,
id01,2021-05-13 09:24:08,2021-05-13 09:36:23,9.501,735000.0,journey,,
id01,2021-05-13 10:52:26,2021-05-13 11:02:00,7.287000000000001,574000.0,journey,,
id01,2021-05-13 11:06:56,2021-05-13 11:16:42,7.258999999999999,586000.0,journey,,
id01,2021-05-13 12:57:42,2021-05-13 13:01:55,1.731,253000.0,journey,,
id01,2021-05-13 13:11:08,2021-05-13 13:21:45,7.593,637000.0,journey,,
id01,2021-05-13 14:39:33,2021-05-13 14:50:06,8.649,633000.0,journey,,
id01,2021-05-13 23:09:55,2021-05-13 23:09:55,,0.0,journey,,
id01,2021-05-13 23:10:24,2021-05-14 07:35:34,,,charging,05:39:56,36.585
id01,2021-05-14 07:39:05,2021-05-14 08:29:07,47.402,3002000.0,journey,,
id01,2021-05-14 12:07:50,2021-05-14 12:35:02,26.644,1632000.0,journey,,
id01,2021-05-14 12:45:13,2021-05-14 13:05:11,19.65,1198000.0,journey,,
id01,2021-05-14 13:09:12,2021-05-14 13:20:17,8.111,665000.0,journey,,
id01,2021-05-14 13:21:13,2021-05-14 13:22:48,0.047,95000.0,journey,,
id01,2021-05-14 13:24:49,2021-05-14 13:26:24,0.376,95000.0,journey,,
id01,2021-05-14 13:47:56,2021-05-14 13:53:44,3.529,348000.0,journey,,
id01,2021-05-14 15:02:09,2021-05-14 15:08:08,3.922,359000.0,journey,,
id01,2021-05-14 16:22:53,2021-05-14 16:38:45,13.407,952000.0,journey,,
id01,2021-05-14 17:31:29,2021-05-14 17:49:58,13.478,1109000.0,journey,,
id01,2021-05-15 10:59:06,2021-05-15 11:22:05,16.58,1379000.0,journey,,
id01,2021-05-15 13:14:04,2021-05-15 13:16:11,0.568,127000.0,journey,,
id01,2021-05-15 14:22:23,2021-05-15 14:45:06,17.092,1363000.0,journey,,
id01,2021-05-15 15:35:47,2021-05-15 15:37:53,0.086,126000.0,journey,,
id01,2021-05-15 15:55:14,2021-05-15 16:12:07,11.873,1013000.0,journey,,
id01,2021-05-15 19:16:32,2021-05-15 19:37:29,13.166,1257000.0,journey,,
id01,2021-05-16 07:10:58,2021-05-16 07:11:30,0.068,32000.0,journey,,
id01,2021-05-16 12:14:46,2021-05-16 12:16:52,0.324,126000.0,journey,,
id01,2021-05-16 12:22:38,2021-05-16 12:33:43,9.443,665000.0,journey,,
id01,2021-05-16 14:29:13,2021-05-16 14:42:12,9.842,779000.0,journey,,
id01,2021-05-16 15:01:27,2021-05-16 15:04:09,1.116,162000.0,journey,,
id01,2021-05-16 18:26:22,2021-05-16 18:29:00,1.0659999999999998,158000.0,journey,,
id01,2021-05-16 20:24:00,2021-05-16 20:27:42,1.311,222000.0,journey,,
id01,2021-05-16 20:47:40,2021-05-16 20:50:58,1.4480000000000002,198000.0,journey,,
id01,2021-05-17 07:46:20,2021-05-17 07:55:20,7.334,540000.0,journey,,
id01,2021-05-17 07:59:01,2021-05-17 08:09:25,8.238999999999999,624000.0,journey,,
id01,2021-05-17 08:11:45,2021-05-17 08:15:48,1.7,243000.0,journey,,
id01,2021-05-17 10:55:52,2021-05-17 11:04:51,7.34,539000.0,journey,,
id01,2021-05-17 11:05:23,2021-05-17 11:06:30,0.141,67000.0,journey,,
id01,2021-05-17 11:38:48,2021-05-17 11:44:05,3.86,317000.0,journey,,
id01,2021-05-17 12:06:12,2021-05-17 12:06:44,0.001,32000.0,journey,,
id01,2021-05-17 12:29:41,2021-05-17 12:35:15,3.4810000000000003,334000.0,journey,,
id01,2021-05-17 12:57:37,2021-05-17 13:02:22,1.745,285000.0,journey,,
id01,2021-05-17 13:05:26,2021-05-17 13:10:43,1.887,317000.0,journey,,
id01,2021-05-18 07:59:58,2021-05-18 08:00:29,0.0,31000.0,journey,,
id01,2021-05-18 08:01:43,2021-05-18 08:07:11,3.513,328000.0,journey,,
id01,2021-05-18 08:07:58,2021-05-18 08:12:43,3.866,285000.0,journey,,
id01,2021-05-18 08:14:18,2021-05-18 08:27:17,8.981,779000.0,journey,,
id01,2021-05-18 08:29:38,2021-05-18 08:30:44,0.0819999999999999,66000.0,journey,,
id01,2021-05-18 08:31:42,2021-05-18 08:35:02,1.5659999999999998,200000.0,journey,,
id01,2021-05-18 13:01:31,2021-05-18 13:04:47,1.624,196000.0,journey,,
id01,2021-05-18 13:06:34,2021-05-18 13:17:50,8.332,676000.0,journey,,
id01,2021-05-18 13:22:35,2021-05-18 13:24:48,0.478,133000.0,journey,,
id01,2021-05-18 13:34:38,2021-05-18 13:36:13,0.091,95000.0,journey,,
id01,2021-05-18 13:46:12,2021-05-18 13:51:36,4.075,324000.0,journey,,
id01,2021-05-18 14:10:37,2021-05-18 14:15:54,3.447,317000.0,journey,,
id01,2021-05-19 07:44:32,2021-05-19 07:53:28,7.366,536000.0,journey,,
id01,2021-05-19 07:55:11,2021-05-19 08:04:42,8.129,571000.0,journey,,
id01,2021-05-19 08:05:41,2021-05-19 08:09:55,1.7919999999999998,254000.0,journey,,
id01,2021-05-19 12:58:28,2021-05-19 13:02:46,1.662,258000.0,journey,,
id01,2021-05-19 13:04:26,2021-05-19 13:15:59,8.376,693000.0,journey,,
id01,2021-05-19 13:19:38,2021-05-19 13:28:38,7.327000000000001,540000.0,journey,,
id01,2021-05-19 13:30:12,2021-05-19 13:31:16,0.0,64000.0,journey,,
id01,2021-05-19 13:32:32,2021-05-19 13:35:42,1.331,190000.0,journey,,
id01,2021-05-19 14:40:28,2021-05-19 14:44:10,1.3330000000000002,222000.0,journey,,
id01,2021-05-19 18:23:00,2021-05-19 18:26:43,1.71,223000.0,journey,,
id01,2021-05-19 18:28:27,2021-05-19 18:30:02,0.452,95000.0,journey,,
id01,2021-05-19 20:16:52,2021-05-19 20:20:02,1.161,190000.0,journey,,
id01,2021-05-19 20:19:58,2021-05-19 22:11:45,,,charging,00:00:36,0.0579999999999999
id01,2021-05-19 22:11:48,2021-05-20 07:37:59,,,charging,08:45:54,56.576
id01,2021-05-20 07:38:52,2021-05-20 07:39:55,0.012,63000.0,journey,,
id01,2021-05-20 07:45:24,2021-05-20 07:46:28,0.055,64000.0,journey,,
id01,2021-05-20 07:47:00,2021-05-20 07:56:03,7.257999999999999,543000.0,journey,,
id01,2021-05-20 07:57:22,2021-05-20 08:07:56,8.326,634000.0,journey,,
id01,2021-05-20 08:08:13,2021-05-20 08:12:26,1.6980000000000002,253000.0,journey,,
id01,2021-05-20 10:02:34,2021-05-20 10:22:40,16.714000000000002,1206000.0,journey,,
id01,2021-05-20 10:23:37,2021-05-20 10:27:50,1.223,253000.0,journey,,
id01,2021-05-20 11:33:59,2021-05-20 11:36:38,0.5379999999999999,159000.0,journey,,
id01,2021-05-20 11:46:56,2021-05-20 11:49:34,1.029,158000.0,journey,,
id01,2021-05-20 12:01:21,2021-05-20 12:04:10,0.626,169000.0,journey,,
id01,2021-05-20 12:04:33,2021-05-20 12:20:55,16.309,982000.0,journey,,
id01,2021-05-20 12:23:22,2021-05-20 12:28:25,3.4610000000000003,303000.0,journey,,
id01,2021-05-20 13:05:10,2021-05-20 13:16:00,7.372999999999999,650000.0,journey,,
id01,2021-05-20 13:22:23,2021-05-20 13:31:26,7.75,543000.0,journey,,
id01,2021-05-20 13:35:42,2021-05-20 13:39:24,1.327,222000.0,journey,,
id01,2021-05-20 15:17:42,2021-05-20 15:21:24,1.325,222000.0,journey,,
id01,2021-05-20 15:44:22,2021-05-20 15:48:03,1.337,221000.0,journey,,
id01,2021-05-20 16:44:00,2021-05-20 17:03:48,15.899,1188000.0,journey,,
id01,2021-05-20 17:06:55,2021-05-20 17:10:05,0.78,190000.0,journey,,
id01,2021-05-20 18:10:27,2021-05-20 18:13:05,0.7090000000000001,158000.0,journey,,
id01,2021-05-20 18:48:15,2021-05-20 18:51:28,1.217,193000.0,journey,,
id01,2021-05-20 19:51:22,2021-05-20 20:12:04,17.105999999999998,1242000.0,journey,,
id01,2021-05-20 20:12:25,2021-05-20 20:13:28,0.016,63000.0,journey,,
id01,2021-05-21 08:00:57,2021-05-21 08:11:08,7.422999999999999,611000.0,journey,,
id01,2021-05-21 08:15:05,2021-05-21 08:24:58,8.156,593000.0,journey,,
id01,2021-05-21 08:26:00,2021-05-21 08:27:06,0.074,66000.0,journey,,
id01,2021-05-21 08:50:30,2021-05-21 08:53:36,1.584,186000.0,journey,,
id01,2021-05-21 10:56:07,2021-05-21 11:04:35,7.341,508000.0,journey,,
id01,2021-05-21 11:06:16,2021-05-21 11:07:51,0.206,95000.0,journey,,
id01,2021-05-21 11:26:20,2021-05-21 11:32:11,3.897,351000.0,journey,,
id01,2021-05-21 11:35:43,2021-05-21 11:41:01,3.466,318000.0,journey,,
id01,2021-05-21 12:55:41,2021-05-21 13:00:58,1.78,317000.0,journey,,
id01,2021-05-21 13:05:38,2021-05-21 13:10:55,1.747,317000.0,journey,,
id01,2021-05-21 16:19:06,2021-05-21 16:34:41,13.365,935000.0,journey,,
id01,2021-05-21 17:21:48,2021-05-21 17:37:57,13.373,969000.0,journey,,
id01,2021-05-22 08:46:15,2021-05-22 08:46:47,0.002,32000.0,journey,,
id01,2021-05-22 10:46:29,2021-05-22 11:09:06,16.127,1357000.0,journey,,
id01,2021-05-22 11:13:10,2021-05-22 11:15:48,0.206,158000.0,journey,,
id01,2021-05-22 12:58:42,2021-05-22 13:16:45,14.797,1083000.0,journey,,
id01,2021-05-22 13:20:59,2021-05-22 13:24:20,1.259,201000.0,journey,,
id01,2021-05-22 20:22:37,2021-05-22 20:23:41,0.011,64000.0,journey,,
id01,2021-05-23 11:03:57,2021-05-23 11:04:29,0.0,32000.0,journey,,
id01,2021-05-24 07:56:50,2021-05-24 08:05:43,7.336,533000.0,journey,,
id01,2021-05-24 08:09:22,2021-05-24 08:18:24,8.074,542000.0,journey,,
id01,2021-05-24 08:19:04,2021-05-24 08:22:51,1.801,227000.0,journey,,
id01,2021-05-24 10:37:08,2021-05-24 10:47:14,7.439,606000.0,journey,,
id01,2021-05-24 10:55:37,2021-05-24 10:57:20,0.273,103000.0,journey,,
id01,2021-05-24 10:58:53,2021-05-24 11:00:41,0.3429999999999999,108000.0,journey,,
id01,2021-05-24 11:02:31,2021-05-24 11:03:37,0.123,66000.0,journey,,
id01,2021-05-24 11:41:44,2021-05-24 11:51:15,7.31,571000.0,journey,,
id01,2021-05-24 12:58:42,2021-05-24 13:02:55,1.746,253000.0,journey,,
id01,2021-05-24 13:05:48,2021-05-24 13:10:01,1.818,253000.0,journey,,
id01,2021-05-24 14:34:46,2021-05-24 14:35:18,0.015,32000.0,journey,,
id01,2021-05-25 08:00:40,2021-05-25 08:10:10,7.411,570000.0,journey,,
id01,2021-05-25 08:11:41,2021-05-25 08:21:47,8.045,606000.0,journey,,
id01,2021-05-25 08:22:18,2021-05-25 08:27:35,2.756,317000.0,journey,,
id01,2021-05-25 10:57:38,2021-05-25 11:06:52,7.346,554000.0,journey,,
id01,2021-05-25 11:09:06,2021-05-25 11:11:45,0.691,159000.0,journey,,
id01,2021-05-25 12:44:02,2021-05-25 12:53:19,7.577999999999999,557000.0,journey,,
id01,2021-05-26 08:01:12,2021-05-26 08:09:18,7.349,486000.0,journey,,
id01,2021-05-26 08:15:06,2021-05-26 08:23:51,8.071,525000.0,journey,,
id01,2021-05-26 08:24:18,2021-05-26 08:34:52,8.658999999999999,634000.0,journey,,
id01,2021-05-26 09:50:40,2021-05-26 10:02:49,9.439,729000.0,journey,,
id01,2021-05-26 10:44:17,2021-05-26 10:45:20,0.0559999999999999,63000.0,journey,,
id01,2021-05-26 10:53:28,2021-05-26 11:01:56,7.196000000000001,508000.0,journey,,
id01,2021-05-26 11:05:28,2021-05-26 11:07:03,0.2019999999999999,95000.0,journey,,
id01,2021-05-26 11:45:32,2021-05-26 11:55:01,7.246,569000.0,journey,,
id01,2021-05-26 12:32:30,2021-05-26 12:35:08,1.208,158000.0,journey,,
id01,2021-05-26 14:06:04,2021-05-26 14:11:05,1.325,301000.0,journey,,
id01,2021-05-26 18:36:33,2021-05-26 18:58:29,16.555,1316000.0,journey,,
id01,2021-05-26 19:41:43,2021-05-26 19:44:21,0.624,158000.0,journey,,
id01,2021-05-26 19:45:59,2021-05-26 19:47:34,0.174,95000.0,journey,,
id01,2021-05-26 20:00:15,2021-05-26 20:19:31,17.377,1156000.0,journey,,
id01,2021-05-26 20:19:55,2021-05-26 20:26:47,4.25,412000.0,journey,,
id01,2021-05-26 20:33:00,2021-05-27 07:55:37,,,charging,09:40:25,64.27600000000001
id01,2021-05-27 07:57:35,2021-05-27 08:02:20,2.233,285000.0,journey,,
id01,2021-05-27 08:04:11,2021-05-27 08:09:59,5.171,348000.0,journey,,
id01,2021-05-27 08:10:51,2021-05-27 08:20:08,8.077,557000.0,journey,,
id01,2021-05-27 08:20:45,2021-05-27 08:24:36,1.746,231000.0,journey,,
id01,2021-05-27 08:30:53,2021-05-27 08:31:25,0.0,32000.0,journey,,
id01,2021-05-27 10:58:03,2021-05-27 11:05:58,7.279,475000.0,journey,,
id01,2021-05-27 11:06:47,2021-05-27 11:12:05,3.879,318000.0,journey,,
id01,2021-05-27 12:49:02,2021-05-27 12:54:30,4.207,328000.0,journey,,
id01,2021-05-27 13:03:42,2021-05-27 13:08:11,1.821,269000.0,journey,,
id01,2021-05-27 15:28:47,2021-05-27 15:48:05,16.037,1158000.0,journey,,
id01,2021-05-27 16:35:23,2021-05-27 16:37:29,0.385,126000.0,journey,,
id01,2021-05-27 17:26:41,2021-05-27 17:29:20,0.655,159000.0,journey,,
id01,2021-05-27 18:02:39,2021-05-27 18:05:21,0.821,162000.0,journey,,
id01,2021-05-27 18:43:47,2021-05-27 18:49:03,2.689,316000.0,journey,,
id01,2021-05-27 18:51:20,2021-05-27 19:07:59,14.407,999000.0,journey,,
id01,2021-05-27 22:02:28,2021-05-27 22:03:00,0.001,32000.0,journey,,
id01,2021-05-27 22:02:44,2021-05-28 06:34:38,,,charging,02:03:56,12.208
id01,2021-05-28 06:40:31,2021-05-28 07:42:54,63.06399999999999,3743000.0,journey,,
id01,2021-05-28 07:43:45,2021-05-28 07:44:48,0.012,63000.0,journey,,
id01,2021-05-28 07:46:19,2021-05-28 07:54:31,2.744,492000.0,journey,,
id01,2021-05-28 07:54:57,2021-05-28 07:56:32,0.191,95000.0,journey,,
id01,2021-05-28 09:17:56,2021-05-28 09:23:45,1.814,349000.0,journey,,
id01,2021-05-28 09:24:01,2021-05-28 09:28:48,2.25,287000.0,journey,,
id01,2021-05-28 09:36:35,2021-05-28 09:38:10,0.135,95000.0,journey,,
id01,2021-05-28 09:43:17,2021-05-28 09:44:52,0.186,95000.0,journey,,
id01,2021-05-28 09:48:58,2021-05-28 10:48:29,63.984,3571000.0,journey,,
id01,2021-05-28 10:49:27,2021-05-28 10:58:27,8.041,540000.0,journey,,
id01,2021-05-28 11:06:36,2021-05-28 11:08:11,0.201,95000.0,journey,,
id01,2021-05-28 11:51:40,2021-05-28 12:00:39,7.292999999999999,539000.0,journey,,
id01,2021-05-28 12:58:17,2021-05-28 13:02:04,1.739,227000.0,journey,,
id01,2021-05-28 13:06:05,2021-05-28 13:10:36,1.787,271000.0,journey,,
id01,2021-05-28 16:14:50,2021-05-28 16:30:41,13.386,951000.0,journey,,
id01,2021-05-28 17:43:27,2021-05-28 17:59:38,13.390999999999998,971000.0,journey,,
id01,2021-05-28 17:59:46,2021-05-29 09:54:37,,,charging,04:26:58,28.162
id01,2021-05-29 09:56:52,2021-05-29 10:17:13,16.194000000000003,1221000.0,journey,,
id01,2021-05-29 10:24:52,2021-05-29 10:40:10,12.7,918000.0,journey,,
id01,2021-05-29 10:43:41,2021-05-29 10:55:49,8.043,728000.0,journey,,
id01,2021-05-29 16:29:08,2021-05-29 16:41:32,9.096,744000.0,journey,,
id01,2021-05-29 17:16:00,2021-05-29 17:25:03,6.436,543000.0,journey,,
id01,2021-05-29 18:00:14,2021-05-29 18:04:27,2.458,253000.0,journey,,
id01,2021-05-29 18:14:11,2021-05-29 18:15:23,0.132,72000.0,journey,,
id01,2021-05-29 18:58:37,2021-05-30 08:35:58,,,charging,01:39:58,9.533
id01,2021-05-30 08:38:39,2021-05-30 08:39:11,0.003,32000.0,journey,,
id01,2021-05-30 08:42:29,2021-05-30 08:43:32,0.075,63000.0,journey,,
id01,2021-05-30 08:43:59,2021-05-30 09:31:39,46.529,2860000.0,journey,,
id01,2021-05-30 12:20:32,2021-05-30 12:22:38,0.212,126000.0,journey,,
id01,2021-05-30 13:03:26,2021-05-30 13:05:32,0.491,126000.0,journey,,
id01,2021-05-30 13:06:04,2021-05-30 13:27:40,22.525,1296000.0,journey,,
id01,2021-05-30 13:27:48,2021-05-30 13:38:31,7.791,643000.0,journey,,
id01,2021-05-30 13:45:43,2021-05-30 14:09:58,16.108,1455000.0,journey,,
id01,2021-05-30 14:10:54,2021-05-30 14:16:28,3.534,334000.0,journey,,
id01,2021-05-30 15:41:04,2021-05-30 15:47:24,3.756,380000.0,journey,,
id01,2021-05-30 18:14:16,2021-05-30 18:14:48,0.0,32000.0,journey,,
id01,2021-05-30 19:31:06,2021-05-30 19:31:38,0.001,32000.0,journey,,
id01,2021-05-30 19:31:22,2021-05-31 08:00:23,,,charging,02:41:15,16.546
id01,2021-05-31 08:01:33,2021-05-31 08:10:48,7.351,555000.0,journey,,
id01,2021-05-31 08:12:35,2021-05-31 08:22:08,8.051,573000.0,journey,,
id01,2021-05-31 08:22:54,2021-05-31 08:27:07,1.77,253000.0,journey,,
id01,2021-05-31 10:54:30,2021-05-31 11:03:40,7.329,550000.0,journey,,
id01,2021-05-31 11:04:24,2021-05-31 11:05:59,0.208,95000.0,journey,,
id01,2021-05-31 11:36:37,2021-05-31 11:47:29,7.285,652000.0,journey,,
id01,2021-05-31 11:47:45,2021-05-31 11:53:05,2.7430000000000003,320000.0,journey,,
id01,2021-05-31 12:53:14,2021-05-31 12:56:57,1.094,223000.0,journey,,
id01,2021-05-31 13:03:37,2021-05-31 13:05:12,0.2769999999999999,95000.0,journey,,
id01,2021-05-31 13:09:30,2021-05-31 13:12:45,1.186,195000.0,journey,,
id01,2021-06-01 08:00:22,2021-06-01 08:09:23,7.322999999999999,541000.0,journey,,
id01,2021-06-01 08:11:19,2021-06-01 08:20:20,8.026,541000.0,journey,,
id01,2021-06-01 08:20:47,2021-06-01 08:24:34,1.809,227000.0,journey,,
id01,2021-06-01 10:55:10,2021-06-01 11:03:37,7.312,507000.0,journey,,
id01,2021-06-01 11:07:58,2021-06-01 11:10:37,0.727,159000.0,journey,,
id01,2021-06-01 12:03:28,2021-06-01 12:09:33,4.124,365000.0,journey,,
id01,2021-06-01 12:55:50,2021-06-01 13:01:39,4.207,349000.0,journey,,
id01,2021-06-01 13:04:51,2021-06-01 13:10:24,2.031,333000.0,journey,,
id01,2021-06-01 15:20:14,2021-06-01 15:42:46,15.941,1352000.0,journey,,
id01,2021-06-01 15:45:28,2021-06-01 15:47:35,0.247,127000.0,journey,,
id01,2021-06-01 16:04:42,2021-06-01 16:09:31,1.536,289000.0,journey,,
id01,2021-06-01 16:14:23,2021-06-01 16:22:19,3.108,476000.0,journey,,
id01,2021-06-01 17:43:00,2021-06-01 17:46:46,1.274,226000.0,journey,,
id01,2021-06-01 18:13:40,2021-06-01 18:32:44,16.012,1144000.0,journey,,
id01,2021-06-01 21:03:29,2021-06-01 21:04:01,0.001,32000.0,journey,,
id01,2021-06-01 21:03:51,2021-06-02 07:55:22,,,charging,03:13:57,19.783
id01,2021-06-02 07:56:20,2021-06-02 08:05:19,7.367000000000001,539000.0,journey,,
id01,2021-06-02 08:07:49,2021-06-02 08:16:48,8.058,539000.0,journey,,
id01,2021-06-02 08:17:28,2021-06-02 08:20:47,1.371,199000.0,journey,,
id01,2021-06-02 08:21:12,2021-06-02 08:22:47,0.41,95000.0,journey,,
id01,2021-06-02 10:52:50,2021-06-02 11:01:19,7.305,509000.0,journey,,
id01,2021-06-02 11:05:14,2021-06-02 11:07:54,0.7240000000000001,160000.0,journey,,
id01,2021-06-02 11:56:06,2021-06-02 12:06:09,7.59,603000.0,journey,,
id01,2021-06-02 12:59:22,2021-06-02 13:03:03,1.749,221000.0,journey,,
id01,2021-06-02 13:10:33,2021-06-02 13:28:30,15.291,1077000.0,journey,,
id01,2021-06-02 14:36:34,2021-06-02 14:41:19,1.008,285000.0,journey,,
id01,2021-06-02 14:42:51,2021-06-02 14:47:04,0.629,253000.0,journey,,
id01,2021-06-02 14:48:56,2021-06-02 15:10:21,16.63,1285000.0,journey,,
id01,2021-06-02 21:02:03,2021-06-02 21:02:35,0.0,32000.0,journey,,
id01,2021-06-02 21:03:05,2021-06-03 07:48:10,,,charging,02:13:58,13.026
id01,2021-06-03 07:49:00,2021-06-03 07:58:48,7.364,588000.0,journey,,
id01,2021-06-03 08:00:23,2021-06-03 08:10:41,8.162,618000.0,journey,,
id01,2021-06-03 08:11:33,2021-06-03 08:15:46,1.719,253000.0,journey,,
id01,2021-06-03 12:57:36,2021-06-03 13:01:18,1.672,222000.0,journey,,
id01,2021-06-03 13:05:24,2021-06-03 13:12:16,4.474,412000.0,journey,,
id01,2021-06-03 13:40:37,2021-06-03 13:46:58,3.987,381000.0,journey,,
id01,2021-06-06 15:27:23,2021-06-06 15:27:23,,0.0,journey,,
id01,2021-06-06 15:29:46,2021-06-06 15:29:46,,0.0,journey,,
id01,2021-06-08 13:24:21,2021-06-08 13:25:25,0.01,64000.0,journey,,
id01,2021-06-08 13:26:38,2021-06-08 13:41:25,8.913,887000.0,journey,,
id01,2021-06-08 13:41:54,2021-06-08 13:42:26,0.004,32000.0,journey,,
id01,2021-06-08 13:49:53,2021-06-08 14:02:39,8.828,766000.0,journey,,
id01,2021-06-08 20:38:51,2021-06-08 20:39:23,0.0,32000.0,journey,,
id01,2021-06-09 11:34:19,2021-06-09 11:47:15,8.793,776000.0,journey,,
id01,2021-06-09 11:50:19,2021-06-09 12:56:05,60.353,3946000.0,journey,,
id01,2021-06-09 13:25:44,2021-06-09 13:33:06,5.246,442000.0,journey,,
id01,2021-06-09 13:33:44,2021-06-09 14:42:55,65.848,4151000.0,journey,,
id01,2021-06-10 08:05:47,2021-06-10 08:10:32,1.884,285000.0,journey,,
id01,2021-06-10 08:12:18,2021-06-10 08:20:54,7.903,516000.0,journey,,
id01,2021-06-10 08:22:50,2021-06-10 08:28:42,4.663,352000.0,journey,,
id01,2021-06-10 09:20:37,2021-06-10 09:24:56,2.647,259000.0,journey,,
id01,2021-06-10 10:55:56,2021-06-10 11:04:39,7.392,523000.0,journey,,
id01,2021-06-10 11:10:18,2021-06-10 11:20:22,7.138999999999999,604000.0,journey,,
id01,2021-06-10 11:28:28,2021-06-10 11:40:05,8.795,697000.0,journey,,
id01,2021-06-10 11:40:38,2021-06-10 11:41:41,0.025,63000.0,journey,,
id01,2021-06-10 12:58:21,2021-06-10 13:02:35,1.758,254000.0,journey,,
id01,2021-06-10 13:12:06,2021-06-10 13:15:16,1.604,190000.0,journey,,
id01,2021-06-10 13:16:07,2021-06-10 13:17:11,0.125,64000.0,journey,,
id01,2021-06-10 22:20:16,2021-06-10 22:20:48,0.0,32000.0,journey,,
id01,2021-06-11 06:48:09,2021-06-11 07:04:47,15.987,998000.0,journey,,
id01,2021-06-11 07:06:17,2021-06-11 08:01:19,54.639,3302000.0,journey,,
id01,2021-06-11 09:04:18,2021-06-11 09:08:47,2.278,269000.0,journey,,
id01,2021-06-11 09:14:40,2021-06-11 10:13:47,57.548,3547000.0,journey,,
id01,2021-06-11 10:46:29,2021-06-11 10:54:23,6.456,474000.0,journey,,
id01,2021-06-11 11:02:15,2021-06-11 11:03:50,0.3779999999999999,95000.0,journey,,
id01,2021-06-11 11:13:48,2021-06-11 11:23:49,6.879,601000.0,journey,,
id01,2021-06-11 11:24:53,2021-06-11 11:25:56,0.077,63000.0,journey,,
id01,2021-06-11 14:53:36,2021-06-11 14:57:17,0.603,221000.0,journey,,
id01,2021-06-11 15:02:05,2021-06-11 15:13:42,8.802,697000.0,journey,,
id01,2021-06-11 15:16:43,2021-06-11 15:17:46,0.005,63000.0,journey,,
id01,2021-06-11 15:19:17,2021-06-11 15:19:49,0.0,32000.0,journey,,
id01,2021-06-11 16:11:48,2021-06-11 16:30:34,13.399,1126000.0,journey,,
id01,2021-06-11 16:19:29,2021-06-11 16:37:36,,,charging,00:18:04,2.056
id01,2021-06-11 18:03:14,2021-06-11 18:20:24,13.388,1030000.0,journey,,
id01,2021-06-11 18:21:11,2021-06-11 18:22:14,0.006,63000.0,journey,,
id01,2021-06-12 00:17:57,2021-06-12 10:55:12,,,charging,05:13:56,33.293
id01,2021-06-12 15:04:25,2021-06-12 15:10:29,3.552,364000.0,journey,,
id01,2021-06-12 16:03:17,2021-06-12 16:09:57,4.386,400000.0,journey,,
id01,2021-06-12 19:33:18,2021-06-12 19:37:32,1.4,254000.0,journey,,
id01,2021-06-13 09:28:40,2021-06-13 09:42:12,9.918,812000.0,journey,,
id01,2021-06-13 11:25:33,2021-06-13 11:30:50,2.442,317000.0,journey,,
id01,2021-06-13 11:32:16,2021-06-13 11:42:04,7.407,588000.0,journey,,
id01,2021-06-13 12:42:46,2021-06-13 12:43:50,0.0139999999999999,64000.0,journey,,
id01,2021-06-13 12:45:10,2021-06-13 13:18:47,25.696,2017000.0,journey,,
id01,2021-06-13 13:19:58,2021-06-13 13:36:19,7.612,981000.0,journey,,
id01,2021-06-13 13:37:45,2021-06-13 13:38:51,0.047,66000.0,journey,,
id01,2021-06-13 13:48:07,2021-06-13 13:51:17,0.969,190000.0,journey,,
id01,2021-06-13 13:51:46,2021-06-13 13:53:21,0.3929999999999999,95000.0,journey,,
id01,2021-06-13 15:47:06,2021-06-13 15:58:12,7.194,666000.0,journey,,
id01,2021-06-13 15:59:43,2021-06-13 16:04:28,1.47,285000.0,journey,,
id01,2021-06-13 17:25:47,2021-06-13 17:33:42,6.178,475000.0,journey,,
id01,2021-06-13 17:38:41,2021-06-13 17:46:35,6.224,474000.0,journey,,
id01,2021-06-13 17:49:05,2021-06-13 18:02:16,11.214,791000.0,journey,,
id01,2021-06-13 18:20:05,2021-06-13 18:41:28,16.003,1283000.0,journey,,
id01,2021-06-14 08:00:15,2021-06-14 08:03:28,1.061,193000.0,journey,,
id01,2021-06-14 08:26:47,2021-06-14 08:29:57,1.075,190000.0,journey,,
id01,2021-06-14 12:49:17,2021-06-14 12:52:04,1.073,167000.0,journey,,
id01,2021-06-14 13:20:25,2021-06-14 13:23:51,1.103,206000.0,journey,,
id01,2021-06-14 13:48:45,2021-06-14 13:50:20,0.322,95000.0,journey,,
id01,2021-06-14 13:51:30,2021-06-14 14:03:38,8.332,728000.0,journey,,
id01,2021-06-14 16:21:22,2021-06-14 16:22:26,0.032,64000.0,journey,,
id01,2021-06-14 16:22:35,2021-06-14 16:24:28,0.405,113000.0,journey,,
id01,2021-06-14 16:29:53,2021-06-14 16:44:11,8.941,858000.0,journey,,
id01,2021-06-15 08:03:14,2021-06-15 08:07:28,1.857,254000.0,journey,,
id01,2021-06-15 08:08:18,2021-06-15 08:09:53,0.288,95000.0,journey,,
id01,2021-06-15 08:22:50,2021-06-15 08:25:36,1.203,166000.0,journey,,
id01,2021-06-15 12:36:58,2021-06-15 12:40:40,1.301,222000.0,journey,,
id01,2021-06-15 12:57:20,2021-06-15 12:59:27,0.517,127000.0,journey,,
id01,2021-06-15 13:04:41,2021-06-15 13:06:48,0.336,127000.0,journey,,
id01,2021-06-15 14:21:19,2021-06-15 14:25:17,1.279,238000.0,journey,,
id01,2021-06-15 14:37:32,2021-06-15 14:38:04,0.001,32000.0,journey,,
id01,2021-06-15 14:39:01,2021-06-15 14:39:01,,0.0,journey,,
id01,2021-06-15 19:11:18,2021-06-15 19:18:15,3.44,417000.0,journey,,
id01,2021-06-15 19:21:33,2021-06-15 19:27:53,5.11,380000.0,journey,,
id01,2021-06-15 19:29:21,2021-06-15 19:38:36,7.976,555000.0,journey,,
id01,2021-06-15 20:13:32,2021-06-15 20:31:48,16.590999999999998,1096000.0,journey,,
id01,2021-06-15 21:52:15,2021-06-15 21:52:47,0.026,32000.0,journey,,
id01,2021-06-16 08:12:05,2021-06-16 08:18:26,1.709,381000.0,journey,,
id01,2021-06-16 08:20:21,2021-06-16 08:27:41,4.657,440000.0,journey,,
id01,2021-06-16 08:34:52,2021-06-16 08:40:19,3.478,327000.0,journey,,
id01,2021-06-16 12:16:31,2021-06-16 12:22:57,3.79,386000.0,journey,,
id01,2021-06-16 12:37:15,2021-06-16 12:44:38,4.417,443000.0,journey,,
id01,2021-06-16 12:49:03,2021-06-16 12:53:33,1.6740000000000002,270000.0,journey,,
id01,2021-06-16 21:49:30,2021-06-16 21:50:02,0.0,32000.0,journey,,
id01,2021-06-17 08:31:24,2021-06-17 08:35:10,1.702,226000.0,journey,,
id01,2021-06-17 08:36:57,2021-06-17 08:55:11,14.981,1094000.0,journey,,
id01,2021-06-17 09:32:18,2021-06-17 09:34:56,0.563,158000.0,journey,,
id01,2021-06-17 10:41:43,2021-06-17 11:01:14,16.271,1171000.0,journey,,
id01,2021-06-17 12:59:35,2021-06-17 13:03:19,1.733,224000.0,journey,,
id01,2021-06-17 13:17:12,2021-06-17 13:27:56,7.14,644000.0,journey,,
id01,2021-06-17 13:38:13,2021-06-17 13:52:59,8.224,886000.0,journey,,
id01,2021-06-18 08:27:50,2021-06-18 08:31:08,1.69,198000.0,journey,,
id01,2021-06-18 08:33:48,2021-06-18 08:37:31,1.786,223000.0,journey,,
id01,2021-06-18 08:47:22,2021-06-18 08:56:52,7.571000000000001,570000.0,journey,,
id01,2021-06-18 12:12:29,2021-06-18 12:17:51,4.124,322000.0,journey,,
id01,2021-06-18 12:37:49,2021-06-18 12:43:00,3.483,311000.0,journey,,
id01,2021-06-18 12:58:42,2021-06-18 13:02:56,1.802,254000.0,journey,,
id01,2021-06-18 13:07:58,2021-06-18 13:08:30,0.0,32000.0,journey,,
id01,2021-06-18 13:09:13,2021-06-18 13:12:54,1.645,221000.0,journey,,
id01,2021-06-18 16:06:27,2021-06-18 16:06:58,0.0,31000.0,journey,,
id01,2021-06-18 16:20:33,2021-06-18 16:34:17,7.405,824000.0,journey,,
id01,2021-06-18 16:36:29,2021-06-18 16:46:47,6.073,618000.0,journey,,
id01,2021-06-18 17:06:36,2021-06-18 17:18:27,,,charging,00:11:48,1.34
id01,2021-06-18 17:40:32,2021-06-18 17:56:53,14.06,981000.0,journey,,
id01,2021-06-19 11:39:34,2021-06-19 12:05:11,17.116,1537000.0,journey,,
id01,2021-06-19 13:28:20,2021-06-19 13:42:35,6.587000000000001,855000.0,journey,,
id01,2021-06-19 14:20:37,2021-06-19 14:25:22,1.633,285000.0,journey,,
id01,2021-06-19 14:55:08,2021-06-19 15:11:30,11.804,982000.0,journey,,
id01,2021-06-19 16:20:27,2021-06-19 16:26:15,3.527,348000.0,journey,,
id01,2021-06-19 20:42:06,2021-06-19 20:47:23,3.7,317000.0,journey,,
id01,2021-06-20 10:33:55,2021-06-20 10:47:38,9.586,823000.0,journey,,
id01,2021-06-20 12:07:53,2021-06-20 12:14:29,4.466,396000.0,journey,,
id01,2021-06-20 12:16:19,2021-06-20 12:27:55,8.843,696000.0,journey,,
id01,2021-06-20 12:52:31,2021-06-20 12:57:57,3.529,326000.0,journey,,
id01,2021-06-20 14:28:45,2021-06-20 14:35:22,3.797,397000.0,journey,,
id01,2021-06-20 20:55:31,2021-06-20 21:37:19,,,charging,00:01:03,0.109
id01,2021-06-20 21:37:24,2021-06-21 09:00:11,,,charging,08:42:56,56.652
id01,2021-06-21 08:03:22,2021-06-21 08:13:59,7.562,637000.0,journey,,
id01,2021-06-21 08:17:04,2021-06-21 08:26:34,8.277999999999999,570000.0,journey,,
id01,2021-06-21 08:27:31,2021-06-21 08:31:44,1.764,253000.0,journey,,
id01,2021-06-21 12:56:09,2021-06-21 13:01:25,1.726,316000.0,journey,,
id01,2021-06-21 13:10:39,2021-06-21 13:15:25,1.65,286000.0,journey,,
id01,2021-06-22 08:16:34,2021-06-22 08:21:19,1.735,285000.0,journey,,
id01,2021-06-22 08:21:53,2021-06-22 08:24:00,0.493,127000.0,journey,,
id01,2021-06-22 08:25:05,2021-06-22 08:34:35,7.351,570000.0,journey,,
id01,2021-06-22 08:38:49,2021-06-22 08:39:21,0.002,32000.0,journey,,
id01,2021-06-22 08:39:38,2021-06-22 08:50:47,7.81,669000.0,journey,,
id01,2021-06-22 09:53:23,2021-06-22 10:08:42,12.213,919000.0,journey,,
id01,2021-06-22 10:09:01,2021-06-22 10:13:59,4.143,298000.0,journey,,
id01,2021-06-22 10:24:50,2021-06-22 10:30:57,4.035,367000.0,journey,,
id01,2021-06-22 10:36:27,2021-06-22 10:37:31,0.022,64000.0,journey,,
id01,2021-06-22 10:38:44,2021-06-22 10:44:11,1.692,327000.0,journey,,
id01,2021-06-22 12:20:54,2021-06-22 12:30:40,7.435,586000.0,journey,,
id01,2021-06-22 12:30:56,2021-06-22 12:31:28,0.0,32000.0,journey,,
id01,2021-06-22 12:35:56,2021-06-22 12:37:31,0.1689999999999999,95000.0,journey,,
id01,2021-06-22 14:13:10,2021-06-22 14:19:30,4.181,380000.0,journey,,
id01,2021-06-22 14:56:44,2021-06-22 15:02:33,3.49,349000.0,journey,,
id01,2021-06-22 19:12:33,2021-06-22 19:13:05,0.0,32000.0,journey,,
id01,2021-06-23 07:33:00,2021-06-23 08:37:46,65.204,3886000.0,journey,,
id01,2021-06-23 16:08:00,2021-06-23 16:11:10,1.003,190000.0,journey,,
id01,2021-06-23 16:44:14,2021-06-23 16:50:02,1.849,348000.0,journey,,
id01,2021-06-23 17:08:46,2021-06-23 17:16:09,2.593,443000.0,journey,,
id01,2021-06-23 17:16:28,2021-06-23 18:12:25,58.562,3357000.0,journey,,
id01,2021-06-23 18:16:33,2021-06-23 18:22:53,3.36,380000.0,journey,,
id01,2021-06-23 18:23:42,2021-06-23 18:24:45,0.016,63000.0,journey,,
id01,2021-06-24 10:18:51,2021-06-24 10:29:55,8.796,664000.0,journey,,
id01,2021-06-24 10:35:29,2021-06-24 10:52:22,11.461,1013000.0,journey,,
id01,2021-06-24 10:52:22,2021-06-24 10:54:30,0.0,128000.0,journey,,
id01,2021-06-24 10:53:58,2021-06-24 10:54:30,0.0,32000.0,journey,,
id01,2021-06-24 17:21:52,2021-06-24 17:29:06,3.439,434000.0,journey,,
id01,2021-06-24 17:30:55,2021-06-24 17:51:15,13.815,1220000.0,journey,,
id01,2021-06-24 18:39:57,2021-06-24 18:42:46,0.653,169000.0,journey,,
id01,2021-06-24 19:17:58,2021-06-24 19:34:21,13.75,983000.0,journey,,
id01,2021-06-24 19:34:40,2021-06-24 19:39:25,2.237,285000.0,journey,,
id01,2021-06-25 06:59:26,2021-06-25 08:04:57,67.33,3931000.0,journey,,
id01,2021-06-25 09:06:32,2021-06-25 09:10:47,1.71,255000.0,journey,,
id01,2021-06-25 09:11:11,2021-06-25 09:17:31,2.4730000000000003,380000.0,journey,,
id01,2021-06-25 09:27:37,2021-06-25 09:30:15,0.7070000000000001,158000.0,journey,,
id01,2021-06-25 09:57:44,2021-06-25 10:19:06,20.772,1282000.0,journey,,
id01,2021-06-25 10:28:14,2021-06-25 10:56:22,32.384,1688000.0,journey,,
id01,2021-06-25 11:09:32,2021-06-25 11:14:17,1.276,285000.0,journey,,
id01,2021-06-25 12:13:44,2021-06-25 12:16:54,0.657,190000.0,journey,,
id01,2021-06-25 12:24:50,2021-06-25 12:46:00,16.24,1270000.0,journey,,
id01,2021-06-25 14:24:41,2021-06-25 17:11:02,,,charging,02:46:18,10.123
id01,2021-06-25 16:13:27,2021-06-25 16:16:37,0.501,190000.0,journey,,
id01,2021-06-25 16:16:58,2021-06-25 16:33:05,12.917,967000.0,journey,,
id01,2021-06-25 17:36:34,2021-06-25 17:45:36,5.882999999999999,542000.0,journey,,
id01,2021-06-25 17:45:56,2021-06-25 17:56:29,7.5,633000.0,journey,,
id01,2021-06-25 23:15:05,2021-06-26 08:54:52,,,charging,09:39:43,30.699
id01,2021-06-26 09:12:10,2021-06-26 09:12:42,0.002,32000.0,journey,,
id01,2021-06-26 09:13:15,2021-06-26 09:38:19,16.336,1504000.0,journey,,
id01,2021-06-26 10:15:58,2021-06-26 10:37:37,15.999,1299000.0,journey,,
id01,2021-06-26 12:21:18,2021-06-26 12:21:50,0.006,32000.0,journey,,
id01,2021-06-26 13:21:56,2021-06-26 18:40:58,,,charging,05:19:00,10.682
id01,2021-06-26 17:42:04,2021-06-26 18:04:45,17.351,1361000.0,journey,,
id01,2021-06-26 19:34:03,2021-06-26 19:44:36,8.157,633000.0,journey,,
id01,2021-06-26 19:47:58,2021-06-26 19:58:17,8.912,619000.0,journey,,
id01,2021-06-26 19:58:49,2021-06-26 19:59:53,0.146,64000.0,journey,,
id01,2021-06-27 12:21:32,2021-06-27 12:28:55,3.813,443000.0,journey,,
id01,2021-06-27 14:50:12,2021-06-27 14:56:17,3.495,365000.0,journey,,
id01,2021-06-27 15:57:11,2021-06-27 17:42:28,,,charging,01:45:15,4.504
id01,2021-06-28 07:37:16,2021-06-28 07:58:42,17.227,1286000.0,journey,,
id01,2021-06-28 08:05:18,2021-06-28 08:27:17,17.351,1319000.0,journey,,
id01,2021-06-28 09:27:26,2021-06-28 14:05:18,,,charging,04:37:50,9.17
id01,2021-06-28 13:06:26,2021-06-28 13:29:55,17.417,1409000.0,journey,,
id01,2021-06-28 13:36:37,2021-06-28 13:49:00,8.494,743000.0,journey,,
id01,2021-06-28 14:08:27,2021-06-28 14:21:06,8.748,759000.0,journey,,
id01,2021-06-28 14:22:30,2021-06-28 14:23:33,0.089,63000.0,journey,,
id01,2021-06-29 07:42:35,2021-06-29 07:43:07,0.009,32000.0,journey,,
id01,2021-06-29 07:44:20,2021-06-29 08:04:56,17.23,1236000.0,journey,,
id01,2021-06-29 08:07:50,2021-06-29 08:28:01,17.282,1211000.0,journey,,
id01,2021-06-29 13:13:54,2021-06-29 13:37:26,17.288,1412000.0,journey,,
id01,2021-06-29 13:41:03,2021-06-29 13:49:29,4.841,506000.0,journey,,
id01,2021-06-29 13:56:33,2021-06-29 14:03:42,5.667999999999999,429000.0,journey,,
id01,2021-06-29 14:20:28,2021-06-29 14:22:34,0.414,126000.0,journey,,
id01,2021-06-29 14:29:13,2021-06-29 14:41:41,8.426,748000.0,journey,,
id01,2021-06-29 14:58:18,2021-06-29 14:58:49,0.0,31000.0,journey,,
id01,2021-06-29 15:58:26,2021-06-29 17:53:22,,,charging,01:54:53,4.774
id01,2021-06-29 18:22:58,2021-06-29 18:23:30,0.009,32000.0,journey,,
id01,2021-06-30 07:36:54,2021-06-30 07:58:25,17.258,1291000.0,journey,,
id01,2021-06-30 08:00:41,2021-06-30 08:04:24,1.296,223000.0,journey,,
id01,2021-06-30 08:08:17,2021-06-30 08:28:58,16.143,1241000.0,journey,,
id01,2021-06-30 13:11:44,2021-06-30 13:34:25,17.282,1361000.0,journey,,
id01,2021-06-30 13:39:45,2021-06-30 13:42:35,0.754,170000.0,journey,,
id01,2021-06-30 13:42:51,2021-06-30 13:44:58,0.253,127000.0,journey,,
id01,2021-06-30 13:51:23,2021-06-30 14:06:40,13.452,917000.0,journey,,
id01,2021-06-30 14:08:30,2021-06-30 14:14:22,3.847,352000.0,journey,,
id01,2021-06-30 15:32:22,2021-06-30 15:38:28,3.995,366000.0,journey,,
id01,2021-06-30 16:31:18,2021-06-30 16:37:34,4.067,376000.0,journey,,
id01,2021-06-30 16:51:55,2021-06-30 16:52:27,0.001,32000.0,journey,,
id01,2021-06-30 17:27:03,2021-06-30 17:47:41,16.034000000000002,1238000.0,journey,,
id01,2021-06-30 17:52:42,2021-06-30 18:23:29,,,charging,00:30:46,2.599
id01,2021-06-30 18:20:22,2021-06-30 18:55:49,31.665,2127000.0,journey,,
id01,2021-06-30 18:56:22,2021-06-30 19:00:52,0.552,270000.0,journey,,
id01,2021-07-01 06:45:15,2021-07-01 06:46:19,0.09,64000.0,journey,,
id01,2021-07-01 06:49:44,2021-07-01 06:59:46,6.95,602000.0,journey,,
id01,2021-07-01 07:04:02,2021-07-01 07:50:51,40.272,2809000.0,journey,,
id01,2021-07-01 08:23:24,2021-07-01 08:44:01,17.252,1237000.0,journey,,
id01,2021-07-01 08:46:59,2021-07-01 08:51:45,1.145,286000.0,journey,,
id01,2021-07-01 09:30:25,2021-07-01 09:34:06,0.557,221000.0,journey,,
id01,2021-07-01 09:36:33,2021-07-01 09:40:18,0.522,225000.0,journey,,
id01,2021-07-01 09:57:47,2021-07-01 10:01:29,1.2919999999999998,222000.0,journey,,
id01,2021-07-01 10:09:25,2021-07-01 10:12:16,0.743,171000.0,journey,,
id01,2021-07-01 10:12:28,2021-07-01 10:34:45,16.487000000000002,1337000.0,journey,,
id01,2021-07-01 13:12:56,2021-07-01 13:38:13,17.266,1517000.0,journey,,
id01,2021-07-01 13:42:53,2021-07-01 13:47:38,1.332,285000.0,journey,,
id01,2021-07-01 14:08:04,2021-07-01 14:18:47,7.692,643000.0,journey,,
id01,2021-07-01 16:24:16,2021-07-01 16:36:29,8.731,733000.0,journey,,
id01,2021-07-01 18:10:23,2021-07-01 18:10:56,0.034,33000.0,journey,,
id01,2021-07-01 21:43:57,2021-07-02 09:08:03,,,charging,11:24:04,60.567
id01,2021-07-02 08:09:02,2021-07-02 08:32:01,17.265,1379000.0,journey,,
id01,2021-07-02 08:34:02,2021-07-02 08:37:12,0.762,190000.0,journey,,
id01,2021-07-02 09:29:46,2021-07-02 09:31:53,0.435,127000.0,journey,,
id01,2021-07-02 09:36:21,2021-07-02 09:40:09,0.624,228000.0,journey,,
id01,2021-07-02 11:26:15,2021-07-02 11:47:45,15.981,1290000.0,journey,,
id01,2021-07-02 13:10:05,2021-07-02 13:35:28,17.831,1523000.0,journey,,
id01,2021-07-02 13:45:35,2021-07-02 14:07:22,19.048,1307000.0,journey,,
id01,2021-07-02 15:46:32,2021-07-02 15:51:50,3.4530000000000003,318000.0,journey,,
id01,2021-07-02 17:57:34,2021-07-02 18:15:16,14.464,1062000.0,journey,,
id01,2021-07-02 18:15:43,2021-07-02 18:16:46,0.011,63000.0,journey,,
id01,2021-07-03 13:43:38,2021-07-03 13:51:51,3.825,493000.0,journey,,
id01,2021-07-03 18:27:16,2021-07-03 18:32:17,3.505,301000.0,journey,,
id01,2021-07-04 12:19:14,2021-07-04 12:24:47,3.244,333000.0,journey,,
id01,2021-07-04 12:29:57,2021-07-04 12:31:42,0.598,105000.0,journey,,
id01,2021-07-04 14:48:28,2021-07-04 14:53:45,3.343,317000.0,journey,,
id01,2021-07-04 15:06:10,2021-07-04 15:11:27,3.4930000000000003,317000.0,journey,,
id01,2021-07-04 15:15:19,2021-07-04 15:16:25,0.118,66000.0,journey,,
id01,2021-07-04 15:17:58,2021-07-04 15:22:43,3.762,285000.0,journey,,
id01,2021-07-04 15:24:43,2021-07-04 15:33:26,6.593,523000.0,journey,,
id01,2021-07-04 15:35:47,2021-07-04 15:49:15,10.594,808000.0,journey,,
id01,2021-07-04 21:27:09,2021-07-04 21:32:58,3.465,349000.0,journey,,
id01,2021-07-04 22:38:57,2021-07-05 09:30:05,,,charging,04:11:50,26.325
id01,2021-07-05 08:33:07,2021-07-05 08:46:50,8.655,823000.0,journey,,
id01,2021-07-05 09:56:22,2021-07-05 10:02:10,3.232,348000.0,journey,,
id01,2021-07-05 10:11:52,2021-07-05 10:25:05,9.93,793000.0,journey,,
id01,2021-07-05 12:43:28,2021-07-05 15:15:55,,,charging,02:05:29,4.311
id01,2021-07-05 14:18:00,2021-07-05 14:19:03,0.048,63000.0,journey,,
id01,2021-07-05 14:19:24,2021-07-05 14:33:08,8.117,824000.0,journey,,
id01,2021-07-05 14:40:14,2021-07-05 14:56:02,8.209,948000.0,journey,,
id01,2021-07-05 14:56:20,2021-07-05 14:57:23,0.003,63000.0,journey,,
id01,2021-07-05 15:57:46,2021-07-06 09:26:29,,,charging,00:20:58,2.346
id01,2021-07-06 08:28:19,2021-07-06 08:39:26,8.612,667000.0,journey,,
id01,2021-07-06 08:41:27,2021-07-06 08:42:30,0.005,63000.0,journey,,
id01,2021-07-06 09:58:03,2021-07-06 10:03:01,3.303,298000.0,journey,,
id01,2021-07-06 10:05:59,2021-07-06 10:20:53,8.212,894000.0,journey,,
id01,2021-07-06 14:01:25,2021-07-06 14:15:26,10.865,841000.0,journey,,
id01,2021-07-06 14:20:07,2021-07-06 14:34:55,9.88,888000.0,journey,,
id01,2021-07-06 15:44:54,2021-07-06 15:45:26,0.0,32000.0,journey,,
id01,2021-07-06 16:45:09,2021-07-06 18:45:57,,,charging,02:00:46,2.084
id01,2021-07-06 22:55:43,2021-07-07 09:20:08,,,charging,01:47:09,5.835
id01,2021-07-07 08:23:44,2021-07-07 08:34:49,6.809,665000.0,journey,,
id01,2021-07-07 08:35:05,2021-07-07 08:39:19,1.733,254000.0,journey,,
id01,2021-07-07 09:47:20,2021-07-07 10:05:24,12.151,1084000.0,journey,,
id01,2021-07-07 10:05:58,2021-07-07 10:10:52,0.8220000000000001,294000.0,journey,,
id01,2021-07-07 10:21:58,2021-07-07 10:40:26,9.94,1108000.0,journey,,
id01,2021-07-07 14:20:24,2021-07-07 14:36:13,9.878,949000.0,journey,,
id01,2021-07-07 16:00:05,2021-07-07 16:16:24,9.887,979000.0,journey,,
id01,2021-07-07 19:52:01,2021-07-07 19:53:05,0.051,64000.0,journey,,
id01,2021-07-07 19:53:53,2021-07-07 19:54:56,0.038,63000.0,journey,,
id01,2021-07-07 19:56:46,2021-07-07 20:14:43,15.378,1077000.0,journey,,
id01,2021-07-07 21:53:28,2021-07-07 22:14:43,15.813,1275000.0,journey,,
id01,2021-07-08 08:08:36,2021-07-08 08:27:33,16.498,1137000.0,journey,,
id01,2021-07-08 08:31:26,2021-07-08 09:03:06,25.14,1900000.0,journey,,
id01,2021-07-08 10:29:12,2021-07-08 10:37:08,6.417999999999999,476000.0,journey,,
id01,2021-07-08 10:41:34,2021-07-08 10:43:09,0.368,95000.0,journey,,
id01,2021-07-08 13:21:33,2021-07-08 13:22:05,0.006,32000.0,journey,,
id01,2021-07-08 13:22:33,2021-07-08 13:37:05,10.816,872000.0,journey,,
id01,2021-07-08 14:51:34,2021-07-08 14:53:09,0.19,95000.0,journey,,
id01,2021-07-08 14:53:44,2021-07-08 14:55:51,0.1689999999999999,127000.0,journey,,
id01,2021-07-08 15:00:53,2021-07-08 15:09:51,4.553,538000.0,journey,,
id01,2021-07-08 15:39:05,2021-07-08 15:46:14,4.035,429000.0,journey,,
id01,2021-07-08 16:26:09,2021-07-08 16:31:57,4.03,348000.0,journey,,
id01,2021-07-08 16:40:38,2021-07-08 16:48:03,4.923,445000.0,journey,,
id01,2021-07-08 17:44:57,2021-07-08 17:49:43,2.661,286000.0,journey,,
id01,2021-07-09 08:29:55,2021-07-09 08:42:36,8.599,761000.0,journey,,
id01,2021-07-09 10:03:55,2021-07-09 10:15:33,7.637,698000.0,journey,,
id01,2021-07-09 11:09:39,2021-07-09 11:34:12,16.137,1473000.0,journey,,
id01,2021-07-09 16:16:25,2021-07-09 16:16:56,0.001,31000.0,journey,,
id01,2021-07-10 12:17:15,2021-07-10 12:24:38,4.082,443000.0,journey,,
id01,2021-07-10 14:49:05,2021-07-10 14:51:12,0.637,127000.0,journey,,
id01,2021-07-10 15:30:07,2021-07-10 15:36:27,3.519,380000.0,journey,,
id01,2021-07-11 11:05:42,2021-07-11 11:10:27,0.971,285000.0,journey,,
id01,2021-07-11 12:17:21,2021-07-11 12:21:43,0.955,262000.0,journey,,
id01,2021-07-11 14:10:22,2021-07-11 14:15:54,3.5380000000000003,332000.0,journey,,
id01,2021-07-11 15:35:13,2021-07-11 15:45:14,5.143,601000.0,journey,,
id01,2021-07-11 17:35:57,2021-07-11 17:49:42,8.663,825000.0,journey,,
id01,2021-07-11 19:11:32,2021-07-11 19:27:25,9.756,953000.0,journey,,
id01,2021-07-11 19:51:11,2021-07-11 20:05:57,9.729,886000.0,journey,,
id01,2021-07-12 07:49:28,2021-07-12 07:53:13,1.247,225000.0,journey,,
id01,2021-07-12 07:54:54,2021-07-12 08:13:22,16.066,1108000.0,journey,,
id01,2021-07-12 08:16:02,2021-07-12 08:40:09,17.312,1447000.0,journey,,
id01,2021-07-12 11:16:59,2021-07-12 11:18:02,0.0069999999999999,63000.0,journey,,
id01,2021-07-12 11:37:19,2021-07-12 12:16:17,,,charging,00:38:49,0.581
id01,2021-07-12 13:08:07,2021-07-12 13:30:49,17.19,1362000.0,journey,,
id01,2021-07-12 13:39:59,2021-07-12 13:46:35,2.875,396000.0,journey,,
id01,2021-07-12 13:50:41,2021-07-12 13:58:04,5.693,443000.0,journey,,
id01,2021-07-12 14:02:54,2021-07-12 14:17:09,8.849,855000.0,journey,,
id01,2021-07-13 07:48:16,2021-07-13 08:09:09,17.169,1253000.0,journey,,
id01,2021-07-13 08:24:38,2021-07-13 08:28:20,1.507,222000.0,journey,,
id01,2021-07-13 08:29:10,2021-07-13 08:44:28,13.784,918000.0,journey,,
id01,2021-07-13 08:44:51,2021-07-13 08:45:55,0.084,64000.0,journey,,
id01,2021-07-13 08:46:02,2021-07-13 08:49:37,1.79,215000.0,journey,,
id01,2021-07-13 13:11:49,2021-07-13 13:12:20,0.0,31000.0,journey,,
id01,2021-07-13 15:26:20,2021-07-13 15:30:01,1.369,221000.0,journey,,
id01,2021-07-13 15:30:19,2021-07-13 15:50:30,14.298,1211000.0,journey,,
id01,2021-07-13 16:54:31,2021-07-13 16:59:47,1.509,316000.0,journey,,
id01,2021-07-13 17:39:03,2021-07-13 17:58:50,16.389,1187000.0,journey,,
id01,2021-07-13 22:25:55,2021-07-13 22:26:26,0.0,31000.0,journey,,
id01,2021-07-13 23:26:24,2021-07-14 08:18:35,,,charging,08:37:34,56.59
id01,2021-07-14 07:39:41,2021-07-14 08:01:45,17.215999999999998,1324000.0,journey,,
id01,2021-07-14 08:05:40,2021-07-14 08:25:35,17.314,1195000.0,journey,,
id01,2021-07-14 11:31:20,2021-07-14 11:55:38,16.184,1458000.0,journey,,
id01,2021-07-14 12:01:30,2021-07-14 12:05:43,1.866,253000.0,journey,,
id01,2021-07-14 12:10:08,2021-07-14 12:12:55,0.753,167000.0,journey,,
id01,2021-07-14 12:13:17,2021-07-14 12:25:26,9.584,729000.0,journey,,
id01,2021-07-14 12:30:26,2021-07-14 12:41:30,6.915,664000.0,journey,,
id01,2021-07-15 08:16:49,2021-07-15 08:42:14,20.716,1525000.0,journey,,
id01,2021-07-15 08:44:46,2021-07-15 08:45:29,0.004,43000.0,journey,,
id01,2021-07-15 08:50:50,2021-07-15 09:35:57,48.377,2707000.0,journey,,
id01,2021-07-15 09:36:09,2021-07-15 09:40:43,1.185,274000.0,journey,,
id01,2021-07-15 09:41:33,2021-07-15 09:42:36,0.066,63000.0,journey,,
id01,2021-07-15 09:43:56,2021-07-15 09:47:06,0.7859999999999999,190000.0,journey,,
id01,2021-07-15 09:52:27,2021-07-15 09:52:58,0.003,31000.0,journey,,
id01,2021-07-15 09:53:11,2021-07-15 10:00:47,3.56,456000.0,journey,,
id01,2021-07-15 10:43:56,2021-07-15 10:53:57,4.546,601000.0,journey,,
id01,2021-07-15 10:56:27,2021-07-15 10:56:58,0.002,31000.0,journey,,
id01,2021-07-15 10:58:13,2021-07-15 10:58:44,0.0,31000.0,journey,,
id01,2021-07-15 11:00:17,2021-07-15 11:00:49,0.002,32000.0,journey,,
id01,2021-07-15 11:01:38,2021-07-15 11:02:09,0.0,31000.0,journey,,
id01,2021-07-15 11:02:57,2021-07-15 11:03:29,0.0069999999999999,32000.0,journey,,
id01,2021-07-15 11:04:02,2021-07-15 11:19:34,13.482,932000.0,journey,,
id01,2021-07-15 11:20:57,2021-07-15 12:22:32,58.756,3695000.0,journey,,
id01,2021-07-15 12:23:05,2021-07-15 12:23:36,0.002,31000.0,journey,,
id01,2021-07-15 13:04:05,2021-07-15 13:32:01,20.65,1676000.0,journey,,
id01,2021-07-15 13:47:14,2021-07-15 14:14:43,20.636,1649000.0,journey,,
id01,2021-07-15 14:14:59,2021-07-15 14:16:02,0.044,63000.0,journey,,
id01,2021-07-15 16:06:12,2021-07-15 16:29:18,16.765,1386000.0,journey,,
id01,2021-07-15 16:57:00,2021-07-15 17:17:54,16.269000000000002,1254000.0,journey,,
id01,2021-07-16 10:31:34,2021-07-16 16:17:21,,,charging,05:45:44,10.611
id01,2021-07-16 15:18:54,2021-07-16 15:25:13,2.822,379000.0,journey,,
id01,2021-07-16 17:05:25,2021-07-16 17:05:57,0.02,32000.0,journey,,
id01,2021-07-16 17:06:42,2021-07-16 17:14:04,2.821,442000.0,journey,,
id01,2021-07-16 17:16:33,2021-07-16 17:17:04,0.0,31000.0,journey,,
id01,2021-07-16 17:20:18,2021-07-16 17:21:21,0.004,63000.0,journey,,
id01,2021-08-10 23:51:02,2021-08-11 08:32:29,,,charging,07:51:15,51.441
id01,2021-08-12 10:36:29,2021-08-12 11:55:00,,,charging,01:18:27,2.602
id01,2021-08-12 15:06:47,2021-08-12 17:17:09,,,charging,02:10:18,4.406000000000001
id01,2021-08-13 08:57:20,2021-08-13 11:04:20,,,charging,02:06:56,12.306
id01,2021-08-13 15:28:53,2021-08-13 18:47:31,,,charging,03:18:35,6.432
id01,2021-08-13 21:23:12,2021-08-15 11:52:43,,,charging,07:42:38,50.145
id01,2021-08-19 21:18:08,2021-08-20 08:24:24,,,charging,04:58:46,31.514
id01,2021-08-21 23:02:24,2021-08-22 10:33:18,,,charging,03:08:58,19.727
id01,2021-08-24 08:37:38,2021-08-24 12:57:33,,,charging,04:06:17,8.218
id01,2021-08-24 14:50:26,2021-08-24 16:05:31,,,charging,01:15:00,2.589
id01,2021-08-24 16:31:15,2021-08-25 08:45:28,,,charging,12:47:18,55.748000000000005
id01,2021-08-25 14:03:39,2021-08-26 09:01:41,,,charging,03:37:43,7.252999999999999
id01,2021-08-29 13:32:23,2021-08-29 18:23:44,,,charging,04:51:17,7.42
id01,2021-09-02 21:23:56,2021-09-03 07:30:17,,,charging,06:26:56,38.51
id01,2021-09-04 15:15:54,2021-09-05 14:17:03,,,charging,23:01:07,28.624
id01,2021-09-06 13:48:37,2021-09-06 14:57:28,,,charging,01:08:47,2.36
id01,2021-09-06 14:57:32,2021-09-06 16:25:40,,,charging,01:28:05,4.629
id01,2021-09-06 17:11:17,2021-09-06 18:16:53,,,charging,01:05:32,3.417
id01,2021-09-07 09:10:52,2021-09-07 13:39:47,,,charging,04:28:52,6.615
id01,2021-09-07 15:10:20,2021-09-07 16:44:42,,,charging,01:34:18,3.143
id01,2021-09-07 18:13:47,2021-09-07 19:42:45,,,charging,01:28:55,2.9330000000000003
id01,2021-09-10 14:08:41,2021-09-10 17:14:03,,,charging,02:05:19,4.197
id01,2021-09-11 11:46:24,2021-09-11 12:55:39,,,charging,01:09:10,1.053
id01,2021-09-12 12:19:07,2021-09-12 15:52:05,,,charging,03:32:56,5.07
id01,2021-09-13 22:57:24,2021-09-14 08:38:41,,,charging,07:36:56,49.615
id01,2021-09-15 12:50:22,2021-09-15 16:19:50,,,charging,01:15:46,2.679
id01,2021-09-19 11:04:38,2021-09-19 13:10:30,,,charging,02:05:49,13.746
id01,2021-09-19 15:09:34,2021-09-19 15:11:54,,,charging,00:02:15,0.22
id01,2021-09-19 23:05:48,2021-09-20 08:50:21,,,charging,09:02:16,60.932
id01,2021-10-06 09:57:09,2021-10-06 09:59:52,0.476,163000.0,journey,,
id01,2021-10-06 10:03:14,2021-10-06 10:04:18,0.074,64000.0,journey,,
id01,2021-10-06 10:05:06,2021-10-06 10:06:39,0.0289999999999999,93000.0,journey,,
id01,2021-10-06 10:07:17,2021-10-06 10:54:37,49.9,2840000.0,journey,,
id01,2021-10-06 11:06:10,2021-10-06 11:16:46,7.388,636000.0,journey,,
id01,2021-10-06 11:20:08,2021-10-06 11:31:00,8.787,652000.0,journey,,
id01,2021-10-06 12:56:59,2021-10-06 13:00:44,1.644,225000.0,journey,,
id01,2021-10-06 13:13:23,2021-10-06 13:18:33,1.889,310000.0,journey,,
id01,2021-10-06 13:52:57,2021-10-06 13:56:11,1.5830000000000002,194000.0,journey,,
id01,2021-10-06 14:02:29,2021-10-06 14:18:01,13.34,932000.0,journey,,
id01,2021-10-06 15:01:16,2021-10-06 15:12:38,7.41,682000.0,journey,,
id01,2021-10-06 16:33:02,2021-10-06 16:51:41,16.345,1119000.0,journey,,
id01,2021-10-06 17:05:40,2021-10-06 17:11:14,3.528,334000.0,journey,,
id01,2021-10-07 08:37:33,2021-10-07 08:40:39,1.609,186000.0,journey,,
id01,2021-10-07 08:41:59,2021-10-07 08:45:08,2.502,189000.0,journey,,
id01,2021-10-07 08:58:15,2021-10-07 09:04:43,4.208,388000.0,journey,,
id01,2021-10-07 10:45:45,2021-10-07 11:06:42,16.35,1257000.0,journey,,
id01,2021-10-07 12:42:25,2021-10-07 12:59:59,15.126,1054000.0,journey,,
id01,2021-10-07 13:03:50,2021-10-07 13:07:43,1.663,233000.0,journey,,
id01,2021-10-07 13:07:50,2021-10-07 13:08:34,0.006,44000.0,journey,,
id01,2021-10-07 13:55:01,2021-10-07 13:59:09,1.753,248000.0,journey,,
id01,2021-10-07 14:04:47,2021-10-07 14:08:55,1.6969999999999998,248000.0,journey,,
id01,2021-10-07 15:02:44,2021-10-07 15:07:54,3.778,310000.0,journey,,
id01,2021-10-07 17:21:28,2021-10-07 17:26:23,3.4530000000000003,295000.0,journey,,
id01,2021-10-07 17:28:51,2021-10-07 17:35:04,3.797,373000.0,journey,,
id01,2021-10-07 19:45:06,2021-10-07 19:50:48,3.464,342000.0,journey,,
id01,2021-10-08 08:06:28,2021-10-08 08:10:39,1.862,251000.0,journey,,
id01,2021-10-08 08:18:46,2021-10-08 08:28:21,7.754,575000.0,journey,,
id01,2021-10-08 09:06:48,2021-10-08 09:18:10,8.838,682000.0,journey,,
id01,2021-10-08 10:55:30,2021-10-08 10:58:09,1.643,159000.0,journey,,
id01,2021-10-08 10:58:29,2021-10-08 11:14:46,15.583,977000.0,journey,,
id01,2021-10-08 11:38:01,2021-10-08 11:42:43,2.197,282000.0,journey,,
id01,2021-10-08 11:47:53,2021-10-08 12:02:54,13.281,901000.0,journey,,
id01,2021-10-08 12:22:48,2021-10-08 12:27:02,1.863,254000.0,journey,,
id01,2021-10-08 12:58:16,2021-10-08 13:02:57,1.835,281000.0,journey,,
id01,2021-10-08 13:04:42,2021-10-08 13:08:19,1.62,217000.0,journey,,
id01,2021-10-08 13:55:08,2021-10-08 13:58:46,1.704,218000.0,journey,,
id01,2021-10-08 14:01:52,2021-10-08 14:08:35,4.658,403000.0,journey,,
id01,2021-10-08 15:44:00,2021-10-08 15:49:59,3.451,359000.0,journey,,
id01,2021-10-08 17:26:33,2021-10-08 17:28:06,0.085,93000.0,journey,,
id01,2021-10-09 09:11:19,2021-10-09 09:12:33,0.094,74000.0,journey,,
id01,2021-10-09 09:24:16,2021-10-09 09:28:30,0.98,254000.0,journey,,
id01,2021-10-09 09:43:34,2021-10-09 09:47:07,1.014,213000.0,journey,,
id01,2021-10-09 10:33:02,2021-10-09 10:55:30,16.727,1348000.0,journey,,
id01,2021-10-09 10:47:04,2021-10-09 11:30:47,,,charging,00:43:38,4.912
id01,2021-10-09 12:13:14,2021-10-09 12:15:49,0.687,155000.0,journey,,
id01,2021-10-09 12:26:53,2021-10-09 12:47:38,16.024,1245000.0,journey,,
id01,2021-10-09 14:27:03,2021-10-09 14:33:45,2.807,402000.0,journey,,
id01,2021-10-09 15:54:11,2021-10-09 16:01:56,2.8110000000000004,465000.0,journey,,
id01,2021-10-09 17:10:11,2021-10-09 17:13:57,0.995,226000.0,journey,,
id01,2021-10-09 17:30:35,2021-10-09 17:34:20,1.014,225000.0,journey,,
id01,2021-10-09 23:58:24,2021-10-09 23:58:55,0.001,31000.0,journey,,
id01,2021-10-10 00:54:56,2021-10-10 00:57:40,,,charging,00:02:40,0.251
id01,2021-10-10 00:58:48,2021-10-10 08:47:23,,,charging,07:20:26,49.37
id01,2021-10-10 10:18:31,2021-10-10 10:27:19,4.256,528000.0,journey,,
id01,2021-10-10 11:32:50,2021-10-10 11:41:03,4.216,493000.0,journey,,
id01,2021-10-10 12:34:52,2021-10-10 12:41:04,3.812,372000.0,journey,,
id01,2021-10-10 14:12:32,2021-10-10 14:18:41,3.564,369000.0,journey,,
id01,2021-10-10 15:18:30,2021-10-10 16:43:24,,,charging,01:24:47,2.929
id01,2021-10-10 19:53:05,2021-10-10 19:58:47,2.8080000000000003,342000.0,journey,,
id01,2021-10-10 20:02:45,2021-10-10 20:10:37,5.647,472000.0,journey,,
id01,2021-10-10 20:13:08,2021-10-10 20:18:15,3.474,307000.0,journey,,
id01,2021-10-11 08:04:08,2021-10-11 08:09:49,1.779,341000.0,journey,,
id01,2021-10-11 08:10:52,2021-10-11 08:14:36,1.652,224000.0,journey,,
id01,2021-10-12 07:41:00,2021-10-12 07:45:40,1.114,280000.0,journey,,
id01,2021-10-12 08:10:48,2021-10-12 08:14:28,1.092,220000.0,journey,,
id01,2021-10-12 15:23:58,2021-10-12 15:31:45,3.524,467000.0,journey,,
id01,2021-10-12 16:21:35,2021-10-12 16:29:08,3.576,453000.0,journey,,
id01,2021-10-13 07:44:56,2021-10-13 07:49:04,1.091,248000.0,journey,,
id01,2021-10-13 08:14:54,2021-10-13 08:18:31,1.081,217000.0,journey,,
id01,2021-10-13 09:35:46,2021-10-13 09:39:54,1.362,248000.0,journey,,
id01,2021-10-13 10:09:20,2021-10-13 10:12:57,1.452,217000.0,journey,,
id01,2021-10-13 11:15:47,2021-10-13 12:37:10,,,charging,01:21:17,2.81
id01,2021-10-13 12:57:38,2021-10-13 13:03:19,1.7990000000000002,341000.0,journey,,
id01,2021-10-13 13:07:02,2021-10-13 13:12:12,1.797,310000.0,journey,,
id01,2021-10-13 13:53:31,2021-10-13 13:58:47,1.833,316000.0,journey,,
id01,2021-10-13 14:06:15,2021-10-13 14:10:54,1.716,279000.0,journey,,
id01,2021-10-14 07:19:17,2021-10-14 07:25:46,4.0680000000000005,389000.0,journey,,
id01,2021-10-14 07:49:42,2021-10-14 07:56:27,4.066,405000.0,journey,,
id01,2021-10-14 08:45:21,2021-10-14 08:58:16,10.043,775000.0,journey,,
id01,2021-10-14 09:41:44,2021-10-14 09:53:53,8.375,729000.0,journey,,
id01,2021-10-14 09:54:42,2021-10-14 09:57:48,1.296,186000.0,journey,,
id01,2021-10-14 10:34:05,2021-10-14 10:36:40,0.545,155000.0,journey,,
id01,2021-10-14 11:22:12,2021-10-14 11:41:22,16.617,1150000.0,journey,,
id01,2021-10-14 12:43:23,2021-10-14 13:01:20,15.48,1077000.0,journey,,
id01,2021-10-14 13:04:56,2021-10-14 13:09:05,1.78,249000.0,journey,,
id01,2021-10-14 13:53:14,2021-10-14 13:57:07,1.731,233000.0,journey,,
id01,2021-10-14 14:04:41,2021-10-14 14:09:20,1.82,279000.0,journey,,
id01,2021-10-14 15:01:35,2021-10-14 15:02:37,0.043,62000.0,journey,,
id01,2021-10-14 15:02:53,2021-10-14 15:08:03,3.677,310000.0,journey,,
id01,2021-10-14 16:14:45,2021-10-14 16:20:26,3.478,341000.0,journey,,
id01,2021-10-14 22:39:50,2021-10-14 22:40:21,0.001,31000.0,journey,,
id01,2021-10-14 23:00:05,2021-10-15 07:36:29,,,charging,03:48:57,23.88
id01,2021-10-15 06:54:59,2021-10-15 07:27:18,32.823,1939000.0,journey,,
id01,2021-10-15 07:29:03,2021-10-15 08:05:31,35.368,2188000.0,journey,,
id01,2021-10-15 08:52:54,2021-10-15 09:00:08,2.579,434000.0,journey,,
id01,2021-10-15 09:06:34,2021-10-15 09:07:05,0.001,31000.0,journey,,
id01,2021-10-15 09:07:24,2021-10-15 09:14:38,2.91,434000.0,journey,,
id01,2021-10-15 09:24:12,2021-10-15 10:20:50,58.77,3398000.0,journey,,
id01,2021-10-15 10:26:53,2021-10-15 10:31:07,1.81,254000.0,journey,,
id01,2021-10-15 12:23:25,2021-10-15 12:25:29,0.5,124000.0,journey,,
id01,2021-10-15 12:56:08,2021-10-15 12:59:23,1.3330000000000002,195000.0,journey,,
id01,2021-10-15 13:05:59,2021-10-15 13:10:07,1.783,248000.0,journey,,
id01,2021-10-15 13:52:17,2021-10-15 13:56:25,1.712,248000.0,journey,,
id01,2021-10-15 14:05:38,2021-10-15 14:10:23,1.963,285000.0,journey,,
id01,2021-10-15 15:17:41,2021-10-15 15:20:54,,,charging,00:03:10,0.353
id01,2021-10-15 16:08:13,2021-10-15 16:14:26,3.577,373000.0,journey,,
id01,2021-10-15 16:25:08,2021-10-15 16:26:10,0.0559999999999999,62000.0,journey,,
id01,2021-10-15 16:26:39,2021-10-15 16:38:48,9.806,729000.0,journey,,
id01,2021-10-15 17:40:41,2021-10-15 17:57:29,13.418,1008000.0,journey,,
id01,2021-10-15 22:46:42,2021-10-16 09:30:40,,,charging,02:34:54,15.386
id01,2021-10-16 08:33:30,2021-10-16 08:38:09,1.633,279000.0,journey,,
id01,2021-10-16 08:38:44,2021-10-16 09:38:10,62.743,3566000.0,journey,,
id01,2021-10-16 10:26:55,2021-10-16 10:43:44,6.276,1009000.0,journey,,
id01,2021-10-16 10:51:25,2021-10-16 13:28:55,206.427,9450000.0,journey,,
id01,2021-10-16 13:29:53,2021-10-16 13:30:55,0.033,62000.0,journey,,
id01,2021-10-16 14:16:11,2021-10-16 14:20:19,1.759,248000.0,journey,,
id01,2021-10-16 14:20:34,2021-10-16 14:33:47,10.25,793000.0,journey,,
id01,2021-10-17 09:22:09,2021-10-17 09:37:11,11.338,902000.0,journey,,
id01,2021-10-17 10:11:43,2021-10-17 10:14:18,0.424,155000.0,journey,,
id01,2021-10-17 10:14:53,2021-10-17 10:20:05,3.4960000000000004,312000.0,journey,,
id01,2021-10-17 10:20:49,2021-10-17 10:23:44,2.315,175000.0,journey,,
id01,2021-10-17 10:24:35,2021-10-17 10:51:36,46.81,1621000.0,journey,,
id01,2021-10-17 11:13:00,2021-10-17 11:56:42,71.486,2622000.0,journey,,
id01,2021-10-17 12:14:42,2021-10-17 13:20:01,80.686,3919000.0,journey,,
id01,2021-10-17 13:21:37,2021-10-17 13:22:08,0.0,31000.0,journey,,
id01,2021-10-17 13:28:11,2021-10-17 13:30:53,0.44,162000.0,journey,,
id01,2021-10-17 14:11:12,2021-10-17 14:22:35,5.316,683000.0,journey,,
id01,2021-10-17 14:36:53,2021-10-17 15:40:06,59.951,3793000.0,journey,,
id01,2021-10-17 17:56:48,2021-10-17 18:03:31,4.253,403000.0,journey,,
id01,2021-10-17 18:31:16,2021-10-17 18:35:25,1.994,249000.0,journey,,
id01,2021-10-17 18:39:01,2021-10-17 18:41:36,0.645,155000.0,journey,,
id01,2021-10-17 18:49:52,2021-10-17 18:55:44,2.2030000000000003,352000.0,journey,,
id01,2021-10-17 18:58:20,2021-10-17 18:59:23,0.0559999999999999,63000.0,journey,,
id01,2021-10-17 21:45:55,2021-10-18 09:10:10,,,charging,09:28:51,61.891000000000005
id01,2021-10-18 08:11:48,2021-10-18 08:16:28,1.7080000000000002,280000.0,journey,,
id01,2021-10-18 08:17:34,2021-10-18 08:21:59,1.763,265000.0,journey,,
id01,2021-10-18 08:22:20,2021-10-18 08:22:51,0.0069999999999999,31000.0,journey,,
id01,2021-10-18 13:55:46,2021-10-18 13:59:23,1.821,217000.0,journey,,
id01,2021-10-18 14:01:13,2021-10-18 14:04:19,1.008,186000.0,journey,,
id01,2021-10-18 14:05:09,2021-10-18 14:10:50,2.737,341000.0,journey,,
id01,2021-10-18 15:08:14,2021-10-18 15:08:45,0.001,31000.0,journey,,
id01,2021-10-18 15:40:59,2021-10-18 15:55:01,9.935,842000.0,journey,,
id01,2021-10-18 15:58:01,2021-10-18 16:11:27,9.837,806000.0,journey,,
id01,2021-10-18 16:08:26,2021-10-18 16:40:11,,,charging,00:21:03,1.464
id01,2021-10-18 16:35:19,2021-10-18 16:41:37,2.719,378000.0,journey,,
id01,2021-10-18 16:55:35,2021-10-18 17:05:34,7.272,599000.0,journey,,
id01,2021-10-18 19:58:52,2021-10-18 20:09:14,7.256,622000.0,journey,,
id01,2021-10-19 07:54:47,2021-10-19 07:59:58,1.769,311000.0,journey,,
id01,2021-10-19 08:01:57,2021-10-19 08:06:52,1.699,295000.0,journey,,
id01,2021-10-19 12:56:15,2021-10-19 13:01:25,1.83,310000.0,journey,,
id01,2021-10-19 13:07:36,2021-10-19 13:17:27,7.442,591000.0,journey,,
id01,2021-10-19 13:17:49,2021-10-19 13:19:22,0.174,93000.0,journey,,
id01,2021-10-19 13:31:07,2021-10-19 13:32:18,0.0969999999999999,71000.0,journey,,
id01,2021-10-19 13:32:50,2021-10-19 13:44:44,9.08,714000.0,journey,,
id01,2021-10-19 13:51:22,2021-10-19 13:54:30,1.4369999999999998,188000.0,journey,,
id01,2021-10-19 14:05:58,2021-10-19 14:10:09,1.679,251000.0,journey,,
id01,2021-10-19 15:39:37,2021-10-19 15:41:55,,,charging,00:02:15,0.248
id01,2021-10-19 15:46:57,2021-10-19 16:04:40,,,charging,00:17:39,1.978
id01,2021-10-19 16:14:23,2021-10-19 16:17:23,,,charging,00:02:56,0.321
id01,2021-10-19 16:21:23,2021-10-19 17:48:33,,,charging,01:10:17,6.9270000000000005
id01,2021-10-19 16:49:22,2021-10-19 16:50:24,0.071,62000.0,journey,,
id01,2021-10-19 16:50:58,2021-10-19 16:54:35,1.212,217000.0,journey,,
id01,2021-10-19 17:26:58,2021-10-19 17:30:35,1.3330000000000002,217000.0,journey,,
id01,2021-10-20 00:00:06,2021-10-20 08:33:27,,,charging,00:07:57,0.545
id01,2021-10-20 07:37:28,2021-10-20 07:41:36,1.104,248000.0,journey,,
id01,2021-10-20 08:05:45,2021-10-20 08:09:23,1.079,218000.0,journey,,
id01,2021-10-20 11:22:17,2021-10-20 11:22:48,0.001,31000.0,journey,,
id01,2021-10-20 11:24:01,2021-10-20 11:43:28,16.155,1167000.0,journey,,
id01,2021-10-20 11:49:03,2021-10-20 11:51:38,0.6409999999999999,155000.0,journey,,
id01,2021-10-20 12:35:38,2021-10-20 12:57:21,16.268,1303000.0,journey,,
id01,2021-10-20 15:53:33,2021-10-20 16:08:02,8.152000000000001,869000.0,journey,,
id01,2021-10-20 16:17:43,2021-10-20 16:31:14,8.137,811000.0,journey,,
id01,2021-10-21 07:45:27,2021-10-21 07:48:12,1.083,165000.0,journey,,
id01,2021-10-21 08:12:30,2021-10-21 08:15:36,1.073,186000.0,journey,,
id01,2021-10-21 08:20:43,2021-10-21 08:39:20,12.058,1117000.0,journey,,
id01,2021-10-21 08:54:19,2021-10-21 08:59:47,3.077,328000.0,journey,,
id01,2021-10-21 10:01:10,2021-10-21 10:03:45,0.457,155000.0,journey,,
id01,2021-10-21 10:28:47,2021-10-21 10:29:50,0.075,63000.0,journey,,
id01,2021-10-21 10:30:23,2021-10-21 10:42:05,8.672,702000.0,journey,,
id01,2021-10-21 12:58:40,2021-10-21 13:02:48,1.747,248000.0,journey,,
id01,2021-10-21 13:10:40,2021-10-21 13:14:07,1.349,207000.0,journey,,
id01,2021-10-21 13:15:30,2021-10-21 13:17:50,1.732,140000.0,journey,,
id01,2021-10-21 13:20:29,2021-10-21 13:23:06,1.517,157000.0,journey,,
id01,2021-10-21 13:53:12,2021-10-21 13:58:38,4.263,326000.0,journey,,
id01,2021-10-21 14:05:04,2021-10-21 14:11:54,4.666,410000.0,journey,,
id01,2021-10-21 17:05:16,2021-10-21 17:10:43,3.49,327000.0,journey,,
id01,2021-10-21 20:13:24,2021-10-21 20:33:34,16.643,1210000.0,journey,,
id01,2021-10-21 21:05:59,2021-10-21 21:26:26,16.609,1227000.0,journey,,
id01,2021-10-21 21:53:32,2021-10-21 21:54:03,0.0,31000.0,journey,,
id01,2021-10-22 00:00:07,2021-10-22 08:16:48,,,charging,03:17:29,20.185
id01,2021-10-22 07:19:14,2021-10-22 08:22:07,62.999,3773000.0,journey,,
id01,2021-10-22 08:22:26,2021-10-22 08:27:36,1.798,310000.0,journey,,
id01,2021-10-22 10:01:47,2021-10-22 10:12:40,1.971,653000.0,journey,,
id01,2021-10-22 10:27:30,2021-10-22 10:28:32,0.0409999999999999,62000.0,journey,,
id01,2021-10-22 10:28:49,2021-10-22 11:19:14,54.286,3025000.0,journey,,
id01,2021-10-22 11:19:38,2021-10-22 11:28:16,7.326,518000.0,journey,,
id01,2021-10-22 11:29:49,2021-10-22 11:34:04,1.988,255000.0,journey,,
id01,2021-10-22 11:38:33,2021-10-22 11:59:13,16.0,1240000.0,journey,,
id01,2021-10-22 12:25:12,2021-10-22 12:27:16,0.208,124000.0,journey,,
id01,2021-10-22 12:31:50,2021-10-22 12:34:25,0.599,155000.0,journey,,
id01,2021-10-22 12:35:10,2021-10-22 12:37:47,0.432,157000.0,journey,,
id01,2021-10-22 12:47:58,2021-10-22 12:50:33,0.288,155000.0,journey,,
id01,2021-10-22 13:08:25,2021-10-22 13:10:29,0.247,124000.0,journey,,
id01,2021-10-22 13:20:18,2021-10-22 13:29:36,7.41,558000.0,journey,,
id01,2021-10-22 13:29:56,2021-10-22 13:41:18,8.709,682000.0,journey,,
id01,2021-10-23 00:00:07,2021-10-23 11:57:31,,,charging,04:04:58,25.579
id01,2021-10-23 10:58:13,2021-10-23 10:58:44,0.002,31000.0,journey,,
id01,2021-10-23 11:00:16,2021-10-23 11:06:36,4.062,380000.0,journey,,
id01,2021-10-23 11:28:43,2021-10-23 11:35:45,4.066,422000.0,journey,,
id01,2021-10-23 12:24:30,2021-10-23 12:31:15,3.833,405000.0,journey,,
id01,2021-10-23 15:39:58,2021-10-23 15:41:00,0.033,62000.0,journey,,
id01,2021-10-23 15:44:52,2021-10-23 15:51:04,3.511,372000.0,journey,,
id01,2021-10-24 08:45:28,2021-10-24 08:56:51,7.401,683000.0,journey,,
id01,2021-10-24 10:01:38,2021-10-24 10:06:27,2.042,289000.0,journey,,
id01,2021-10-24 10:21:31,2021-10-24 10:28:46,3.981,435000.0,journey,,
id01,2021-10-24 10:30:31,2021-10-24 10:31:33,0.032,62000.0,journey,,
id01,2021-10-24 11:41:37,2021-10-24 11:48:20,3.526,403000.0,journey,,
id01,2021-10-24 12:03:18,2021-10-24 12:10:24,3.813,426000.0,journey,,
id01,2021-10-24 13:42:03,2021-10-24 13:43:05,0.031,62000.0,journey,,
id01,2021-10-24 13:46:32,2021-10-24 13:52:44,3.534,372000.0,journey,,
id01,2021-10-24 15:09:16,2021-10-24 15:23:30,9.085,854000.0,journey,,
id01,2021-10-24 16:27:34,2021-10-24 16:43:25,9.094,951000.0,journey,,
id01,2021-10-25 09:52:59,2021-10-25 10:13:56,16.015,1257000.0,journey,,
id01,2021-10-25 10:25:46,2021-10-25 10:28:52,0.747,186000.0,journey,,
id01,2021-10-25 12:31:34,2021-10-25 12:34:15,0.6459999999999999,161000.0,journey,,
id01,2021-10-25 13:56:25,2021-10-25 14:18:26,16.135,1321000.0,journey,,
id01,2021-10-25 14:21:13,2021-10-25 14:27:25,3.494,372000.0,journey,,
id01,2021-10-25 17:08:29,2021-10-25 17:14:26,3.926,357000.0,journey,,
id01,2021-10-26 00:00:03,2021-10-26 10:13:51,,,charging,02:53:55,17.482
id01,2021-10-26 09:16:11,2021-10-26 09:17:44,0.061,93000.0,journey,,
id01,2021-10-26 09:18:08,2021-10-26 09:31:40,9.83,812000.0,journey,,
id01,2021-10-26 09:34:02,2021-10-26 09:45:55,9.893,713000.0,journey,,
id01,2021-10-26 11:13:49,2021-10-26 11:34:35,16.625999999999998,1246000.0,journey,,
id01,2021-10-26 12:07:04,2021-10-26 12:10:16,0.6859999999999999,192000.0,journey,,
id01,2021-10-26 12:16:01,2021-10-26 12:18:06,0.291,125000.0,journey,,
id01,2021-10-26 12:18:16,2021-10-26 12:27:33,7.145,557000.0,journey,,
id01,2021-10-26 12:27:51,2021-10-26 12:40:46,8.687999999999999,775000.0,journey,,
id01,2021-10-26 14:20:18,2021-10-26 14:33:45,8.249,807000.0,journey,,
id01,2021-10-26 14:38:51,2021-10-26 14:48:40,7.569,589000.0,journey,,
id01,2021-10-26 14:51:57,2021-10-26 14:54:34,0.634,157000.0,journey,,
id01,2021-10-26 16:30:07,2021-10-26 16:35:17,3.583,310000.0,journey,,
id01,2021-10-27 00:00:04,2021-10-27 10:11:34,,,charging,02:07:55,12.24
id01,2021-10-27 09:12:27,2021-10-27 09:26:55,9.93,868000.0,journey,,
id01,2021-10-27 09:29:28,2021-10-27 09:36:43,6.313,435000.0,journey,,
id01,2021-10-27 09:39:21,2021-10-27 09:44:35,3.569,314000.0,journey,,
id01,2021-10-27 14:35:24,2021-10-27 14:49:52,8.373,868000.0,journey,,
id01,2021-10-27 15:06:01,2021-10-27 15:07:38,0.1,97000.0,journey,,
id01,2021-10-27 15:08:03,2021-10-27 15:13:21,3.304,318000.0,journey,,
id01,2021-10-27 15:21:49,2021-10-27 15:25:49,2.3,240000.0,journey,,
id01,2021-10-27 15:26:07,2021-10-27 15:36:28,6.435,621000.0,journey,,
id01,2021-10-27 17:53:28,2021-10-27 17:57:36,1.526,248000.0,journey,,
id01,2021-10-27 17:59:45,2021-10-27 18:03:57,1.1740000000000002,252000.0,journey,,
id01,2021-10-27 18:15:21,2021-10-27 18:16:57,0.2189999999999999,96000.0,journey,,
id01,2021-10-28 00:00:03,2021-10-28 11:48:09,,,charging,01:24:53,7.664
id01,2021-10-28 10:54:02,2021-10-28 10:54:33,0.001,31000.0,journey,,
id01,2021-10-28 10:54:50,2021-10-28 11:00:28,3.794,338000.0,journey,,
id01,2021-10-28 16:30:31,2021-10-28 16:36:43,3.491,372000.0,journey,,
id01,2021-10-29 07:41:55,2021-10-29 07:42:26,0.005,31000.0,journey,,
id01,2021-10-29 07:42:42,2021-10-29 08:01:51,15.991,1149000.0,journey,,
id01,2021-10-29 08:02:23,2021-10-29 08:03:56,0.191,93000.0,journey,,
id01,2021-10-29 09:05:05,2021-10-29 09:28:37,16.409000000000002,1412000.0,journey,,
id01,2021-10-29 11:50:00,2021-10-29 11:57:01,4.073,421000.0,journey,,
id01,2021-10-29 12:13:21,2021-10-29 12:21:57,4.06,516000.0,journey,,
id01,2021-10-29 12:40:17,2021-10-29 12:47:00,3.805,403000.0,journey,,
id01,2021-10-29 13:23:01,2021-10-29 13:43:27,16.211,1226000.0,journey,,
id01,2021-10-29 14:45:36,2021-10-29 14:55:41,7.4,605000.0,journey,,
id01,2021-10-29 14:59:53,2021-10-29 15:11:20,8.812000000000001,687000.0,journey,,
id01,2021-10-29 16:49:47,2021-10-29 17:02:45,8.499,778000.0,journey,,
id01,2021-10-29 20:50:37,2021-10-29 20:54:16,1.329,219000.0,journey,,
id01,2021-10-29 20:59:53,2021-10-29 21:04:02,1.2919999999999998,249000.0,journey,,
id01,2021-10-29 21:06:44,2021-10-29 21:07:47,0.012,63000.0,journey,,
id01,2021-10-30 00:00:03,2021-10-30 11:22:24,,,charging,02:50:55,17.055
id01,2021-10-30 10:27:57,2021-10-30 10:35:41,4.073,464000.0,journey,,
id01,2021-10-30 11:22:40,2021-10-30 11:30:28,4.072,468000.0,journey,,
id01,2021-10-30 13:00:13,2021-10-30 13:00:44,0.011,31000.0,journey,,
id01,2021-10-30 13:03:45,2021-10-30 13:47:42,43.188,2637000.0,journey,,
id01,2021-10-30 13:51:29,2021-10-30 14:10:45,20.52,1156000.0,journey,,
id01,2021-10-30 14:16:35,2021-10-30 14:19:53,0.455,198000.0,journey,,
id01,2021-10-30 14:20:21,2021-10-30 14:29:39,3.184,558000.0,journey,,
id01,2021-10-30 15:31:38,2021-10-30 15:33:42,0.076,124000.0,journey,,
id01,2021-10-30 15:34:38,2021-10-30 15:42:23,1.71,465000.0,journey,,
id01,2021-10-30 15:43:09,2021-10-30 15:43:40,0.011,31000.0,journey,,
id01,2021-10-30 15:44:38,2021-10-30 15:45:40,0.065,62000.0,journey,,
id01,2021-10-30 15:49:54,2021-10-30 15:50:25,0.0,31000.0,journey,,
id01,2021-10-30 15:54:36,2021-10-30 16:01:27,2.238,411000.0,journey,,
id01,2021-10-30 16:02:10,2021-10-30 16:02:41,0.0,31000.0,journey,,
id01,2021-10-30 16:03:17,2021-10-30 16:03:48,0.002,31000.0,journey,,
id01,2021-10-30 16:04:13,2021-10-30 16:05:46,0.016,93000.0,journey,,
id01,2021-10-30 16:06:21,2021-10-30 16:06:52,0.011,31000.0,journey,,
id01,2021-10-30 16:09:11,2021-10-30 16:09:42,0.005,31000.0,journey,,
id01,2021-10-30 16:09:58,2021-10-30 16:10:29,0.0,31000.0,journey,,
id01,2021-10-30 16:10:53,2021-10-30 16:12:26,0.021,93000.0,journey,,
id01,2021-10-30 16:13:11,2021-10-30 16:13:42,0.0,31000.0,journey,,
id01,2021-10-30 16:14:05,2021-10-30 16:18:56,0.758,291000.0,journey,,
id01,2021-10-30 17:12:07,2021-10-30 18:05:16,51.718,3189000.0,journey,,
id01,2021-10-30 18:07:19,2021-10-30 18:23:37,14.418,978000.0,journey,,
id01,2021-11-01 12:08:46,2021-11-01 12:23:31,8.251,885000.0,journey,,
id01,2021-11-01 13:49:33,2021-11-01 14:02:29,8.22,776000.0,journey,,
id01,2021-11-02 00:00:01,2021-11-02 15:37:09,,,charging,03:53:55,24.519
id01,2021-11-02 15:39:50,2021-11-02 15:53:53,8.302,843000.0,journey,,
id01,2021-11-02 16:43:39,2021-11-02 16:51:43,4.813,484000.0,journey,,
id01,2021-11-02 16:56:57,2021-11-02 17:03:56,3.44,419000.0,journey,,
id01,2021-11-02 20:49:53,2021-11-02 20:53:53,1.112,240000.0,journey,,
id01,2021-11-02 21:02:04,2021-11-02 21:03:07,0.14,63000.0,journey,,
id01,2021-11-02 21:09:54,2021-11-02 21:13:24,1.334,210000.0,journey,,
id01,2021-11-02 23:45:40,2021-11-03 00:08:30,,,charging,00:20:25,2.316
id01,2021-11-03 00:18:27,2021-11-03 11:41:35,,,charging,00:32:56,1.742
id01,2021-11-03 11:44:45,2021-11-03 11:58:55,8.648,850000.0,journey,,
id01,2021-11-03 13:04:46,2021-11-03 13:08:54,1.854,248000.0,journey,,
id01,2021-11-03 13:10:06,2021-11-03 13:21:59,8.478,713000.0,journey,,
id01,2021-11-03 13:24:48,2021-11-03 13:25:50,0.051,62000.0,journey,,
id01,2021-11-04 00:00:02,2021-11-04 12:09:36,,,charging,00:41:11,3.755
id01,2021-11-04 12:10:24,2021-11-04 12:17:55,2.9410000000000003,451000.0,journey,,
id01,2021-11-04 13:30:52,2021-11-04 13:37:35,2.92,403000.0,journey,,
id01,2021-11-05 00:00:02,2021-11-05 12:02:43,,,charging,00:13:02,1.169
id01,2021-11-05 12:03:29,2021-11-05 12:10:59,2.931,450000.0,journey,,
id01,2021-11-05 13:13:07,2021-11-05 13:20:21,2.9330000000000003,434000.0,journey,,
id01,2021-11-06 02:46:10,2021-11-06 15:32:22,,,charging,00:11:44,1.144
id01,2021-11-06 15:38:41,2021-11-06 15:46:39,4.089,478000.0,journey,,
id01,2021-11-06 16:14:42,2021-11-06 16:22:21,4.082,459000.0,journey,,
id01,2021-11-07 13:05:48,2021-11-07 13:14:36,4.081,528000.0,journey,,
id01,2021-11-07 13:49:32,2021-11-07 13:56:47,4.066,435000.0,journey,,
id01,2021-11-07 14:56:55,2021-11-07 15:42:28,45.602,2733000.0,journey,,
id01,2021-11-07 15:43:24,2021-11-07 16:01:57,18.801,1113000.0,journey,,
id01,2021-11-07 16:03:51,2021-11-07 16:07:59,0.733,248000.0,journey,,
id01,2021-11-07 16:08:00,2021-11-07 16:09:02,0.015,62000.0,journey,,
id01,2021-11-07 16:10:39,2021-11-07 16:11:10,0.0,31000.0,journey,,
id01,2021-11-07 16:23:40,2021-11-07 16:24:11,0.004,31000.0,journey,,
id01,2021-11-07 16:24:43,2021-11-07 16:31:26,1.663,403000.0,journey,,
id01,2021-11-07 17:01:40,2021-11-07 17:05:33,0.575,233000.0,journey,,
id01,2021-11-07 17:07:51,2021-11-07 17:08:22,0.0,31000.0,journey,,
id01,2021-11-07 17:08:57,2021-11-07 17:09:28,0.0,31000.0,journey,,
id01,2021-11-07 17:14:36,2021-11-07 17:15:07,0.0,31000.0,journey,,
id01,2021-11-07 17:15:30,2021-11-07 17:16:01,0.0,31000.0,journey,,
id01,2021-11-07 17:19:03,2021-11-07 17:19:34,0.001,31000.0,journey,,
id01,2021-11-07 17:19:53,2021-11-07 17:20:24,0.0,31000.0,journey,,
id01,2021-11-07 17:22:15,2021-11-07 17:22:46,0.0,31000.0,journey,,
id01,2021-11-07 17:23:45,2021-11-07 17:24:47,0.023,62000.0,journey,,
id01,2021-11-07 17:38:03,2021-11-07 18:29:46,50.597,3103000.0,journey,,
id01,2021-11-07 18:36:08,2021-11-07 18:55:16,16.404,1148000.0,journey,,
id01,2021-11-08 00:00:02,2021-11-08 12:59:54,,,charging,03:57:56,24.853
id01,2021-11-08 13:08:03,2021-11-08 13:21:37,9.118,814000.0,journey,,
id01,2021-11-08 14:11:12,2021-11-08 14:26:16,9.062,904000.0,journey,,
id01,2021-11-08 15:36:34,2021-11-08 15:40:19,1.339,225000.0,journey,,
id01,2021-11-08 15:45:04,2021-11-08 15:48:10,1.2819999999999998,186000.0,journey,,
id01,2021-11-08 15:48:42,2021-11-08 15:49:44,0.012,62000.0,journey,,
id01,2021-11-09 00:00:01,2021-11-09 12:16:19,,,charging,00:51:55,3.905
id01,2021-11-09 12:17:17,2021-11-09 12:20:54,1.151,217000.0,journey,,
id01,2021-11-09 12:21:39,2021-11-09 12:23:02,0.286,83000.0,journey,,
id01,2021-11-09 12:24:49,2021-11-09 12:28:57,1.709,248000.0,journey,,
id01,2021-11-09 16:53:54,2021-11-09 17:08:22,8.196,868000.0,journey,,
id01,2021-11-09 17:12:50,2021-11-09 17:27:34,9.961,884000.0,journey,,
id01,2021-11-10 08:38:11,2021-11-10 08:41:48,1.098,217000.0,journey,,
id01,2021-11-10 09:06:43,2021-11-10 09:10:25,1.141,222000.0,journey,,
id01,2021-11-10 13:56:55,2021-11-10 13:59:33,1.064,158000.0,journey,,
id01,2021-11-10 14:00:49,2021-11-10 14:02:30,0.165,101000.0,journey,,
id01,2021-11-10 14:09:04,2021-11-10 14:11:39,1.119,155000.0,journey,,
id01,2021-11-10 14:22:32,2021-11-10 14:28:13,2.7430000000000003,341000.0,journey,,
id01,2021-11-10 14:54:26,2021-11-10 14:58:34,1.666,248000.0,journey,,
id01,2021-11-10 15:06:52,2021-11-10 15:13:05,4.474,373000.0,journey,,
id01,2021-11-10 17:00:32,2021-11-10 17:06:45,3.535,373000.0,journey,,
id01,2021-11-11 08:50:27,2021-11-11 08:55:10,1.696,283000.0,journey,,
id01,2021-11-11 08:58:50,2021-11-11 09:03:14,1.632,264000.0,journey,,
id01,2021-11-11 10:00:27,2021-11-11 10:21:38,16.590999999999998,1271000.0,journey,,
id01,2021-11-11 11:16:52,2021-11-11 11:19:58,0.62,186000.0,journey,,
id01,2021-11-11 11:24:15,2021-11-11 11:43:39,16.124000000000002,1164000.0,journey,,
id01,2021-11-11 16:59:03,2021-11-11 17:14:09,8.196,906000.0,journey,,
id01,2021-11-11 17:20:30,2021-11-11 17:34:59,0.994,869000.0,journey,,
id01,2021-11-12 00:00:06,2021-11-12 09:06:23,,,charging,02:36:55,15.470999999999998
id01,2021-11-12 09:09:36,2021-11-12 09:14:21,1.37,285000.0,journey,,
id01,2021-11-12 09:31:41,2021-11-12 09:35:18,1.454,217000.0,journey,,
id01,2021-11-12 11:06:11,2021-11-12 11:09:48,1.66,217000.0,journey,,
id01,2021-11-12 11:14:01,2021-11-12 11:30:33,14.874,992000.0,journey,,
id01,2021-11-12 11:41:21,2021-11-12 13:23:15,109.746,6114000.0,journey,,
id01,2021-11-12 13:23:37,2021-11-12 13:24:08,0.025,31000.0,journey,,
id01,2021-11-12 13:24:27,2021-11-12 13:58:21,36.005,2034000.0,journey,,
id01,2021-11-12 13:59:26,2021-11-12 14:01:40,0.236,134000.0,journey,,
id01,2021-11-12 14:43:03,2021-11-12 14:52:21,1.4880000000000002,558000.0,journey,,
id01,2021-11-12 16:02:57,2021-11-12 16:08:07,0.8170000000000001,310000.0,journey,,
id01,2021-11-12 16:08:23,2021-11-12 16:12:00,0.361,217000.0,journey,,
id01,2021-11-12 16:12:10,2021-11-12 16:18:05,1.693,355000.0,journey,,
id01,2021-11-12 16:18:36,2021-11-12 16:24:17,0.862,341000.0,journey,,
id01,2021-11-12 16:25:03,2021-11-12 16:26:05,0.0,62000.0,journey,,
id01,2021-11-12 18:33:03,2021-11-12 20:05:47,100.071,5564000.0,journey,,
id01,2021-11-12 20:06:08,2021-11-12 21:10:28,66.94,3860000.0,journey,,
id01,2021-11-13 00:00:06,2021-11-13 10:01:09,,,charging,01:01:46,4.238
id01,2021-11-13 10:18:13,2021-11-13 10:36:03,15.424,1070000.0,journey,,
id01,2021-11-13 11:21:43,2021-11-13 11:40:14,15.452,1111000.0,journey,,
id01,2021-11-13 12:04:33,2021-11-13 12:15:13,7.251,640000.0,journey,,
id01,2021-11-13 13:25:01,2021-11-13 13:27:05,0.445,124000.0,journey,,
id01,2021-11-13 13:33:55,2021-11-13 13:43:45,7.41,590000.0,journey,,
id01,2021-11-13 17:27:36,2021-11-13 17:36:56,4.732,560000.0,journey,,
id01,2021-11-13 17:58:06,2021-11-13 18:05:41,4.067,455000.0,journey,,
id01,2021-11-14 08:17:44,2021-11-14 10:25:55,,,charging,00:25:49,2.842
id01,2021-11-14 10:27:32,2021-11-14 10:39:04,8.687000000000001,692000.0,journey,,
id01,2021-11-14 11:16:43,2021-11-14 11:18:25,0.498,102000.0,journey,,
id01,2021-11-14 11:19:21,2021-11-14 11:20:54,0.1369999999999999,93000.0,journey,,
id01,2021-11-14 11:53:34,2021-11-14 12:06:01,8.83,747000.0,journey,,
id01,2021-11-14 12:38:29,2021-11-14 12:49:51,8.506,682000.0,journey,,
id01,2021-11-14 12:54:26,2021-11-14 13:04:50,9.123,624000.0,journey,,
id01,2021-11-14 13:10:26,2021-11-14 13:28:50,15.904000000000002,1104000.0,journey,,
id01,2021-11-14 13:41:12,2021-11-14 15:04:58,,,charging,01:23:42,9.282
id01,2021-11-14 15:05:58,2021-11-14 15:12:56,3.753,418000.0,journey,,
id01,2021-11-14 15:15:31,2021-11-14 15:16:33,0.065,62000.0,journey,,
id01,2021-11-14 16:26:23,2021-11-14 16:32:10,3.488,347000.0,journey,,
id01,2021-11-15 09:02:44,2021-11-15 09:07:54,1.339,310000.0,journey,,
id01,2021-11-15 09:09:26,2021-11-15 09:10:59,0.2739999999999999,93000.0,journey,,
id01,2021-11-15 09:12:22,2021-11-15 09:16:30,1.616,248000.0,journey,,
id01,2021-11-15 09:16:30,2021-11-15 11:25:28,,,charging,02:08:55,14.624
id01,2021-11-15 11:26:09,2021-11-15 11:30:16,1.683,247000.0,journey,,
id01,2021-11-15 11:32:06,2021-11-15 11:36:34,1.658,268000.0,journey,,
id01,2021-11-15 14:54:22,2021-11-15 14:59:01,1.695,279000.0,journey,,
id01,2021-11-15 15:02:30,2021-11-15 15:07:10,1.609,280000.0,journey,,
id01,2021-11-15 15:07:44,2021-11-15 15:09:53,0.172,129000.0,journey,,
id01,2021-11-15 18:04:42,2021-11-15 18:14:00,7.263,558000.0,journey,,
id01,2021-11-15 21:04:48,2021-11-15 21:05:19,0.004,31000.0,journey,,
id01,2021-11-15 21:08:48,2021-11-15 21:17:58,7.575,550000.0,journey,,
id01,2021-11-15 21:49:28,2021-11-15 21:52:35,1.286,187000.0,journey,,
id01,2021-11-15 21:52:51,2021-11-15 21:53:53,0.005,62000.0,journey,,
id01,2021-11-15 21:53:24,2021-11-16 08:49:51,,,charging,07:07:55,45.819
id01,2021-11-16 08:52:34,2021-11-16 08:56:45,1.28,251000.0,journey,,
id01,2021-11-16 09:10:35,2021-11-16 09:15:14,1.275,279000.0,journey,,
id01,2021-11-16 12:10:12,2021-11-16 12:20:12,,,charging,00:09:58,1.134
id01,2021-11-16 12:25:15,2021-11-16 12:37:42,,,charging,00:12:22,1.399
id01,2021-11-16 13:59:26,2021-11-16 14:03:03,1.669,217000.0,journey,,
id01,2021-11-16 14:06:07,2021-11-16 14:08:29,1.053,142000.0,journey,,
id01,2021-11-16 14:11:50,2021-11-16 14:23:51,8.752,721000.0,journey,,
id01,2021-11-16 14:24:30,2021-11-16 14:25:01,0.0,31000.0,journey,,
id01,2021-11-16 14:32:16,2021-11-16 14:42:49,8.846,633000.0,journey,,
id01,2021-11-16 14:56:03,2021-11-16 15:00:16,1.679,253000.0,journey,,
id01,2021-11-16 15:01:32,2021-11-16 15:06:11,1.675,279000.0,journey,,
id01,2021-11-16 16:21:22,2021-11-16 16:41:16,16.293,1194000.0,journey,,
id01,2021-11-16 16:58:43,2021-11-16 17:19:40,16.371,1257000.0,journey,,
id01,2021-11-16 17:19:42,2021-11-16 19:11:04,,,charging,01:51:17,10.851
id01,2021-11-16 19:12:33,2021-11-16 19:19:02,3.829,389000.0,journey,,
id01,2021-11-16 21:06:15,2021-11-16 21:12:16,3.492,361000.0,journey,,
id01,2021-11-16 22:03:12,2021-11-17 07:52:30,,,charging,00:37:50,2.208
id01,2021-11-17 07:53:31,2021-11-17 09:11:58,79.389,4707000.0,journey,,
id01,2021-11-17 09:25:19,2021-11-17 10:39:19,84.325,4440000.0,journey,,
id01,2021-11-17 10:40:22,2021-11-17 10:43:01,0.479,159000.0,journey,,
id01,2021-11-17 12:12:04,2021-11-17 12:36:05,,,charging,00:23:58,2.738
id01,2021-11-17 12:41:01,2021-11-17 13:12:53,,,charging,00:31:48,3.6010000000000004
id01,2021-11-17 15:31:58,2021-11-17 15:36:41,1.4,283000.0,journey,,
id01,2021-11-17 15:36:57,2021-11-17 16:52:53,82.2,4556000.0,journey,,
id01,2021-11-17 17:09:20,2021-11-17 17:27:30,17.192999999999998,1090000.0,journey,,
id01,2021-11-17 17:28:01,2021-11-17 17:28:32,0.002,31000.0,journey,,
id01,2021-11-17 17:29:17,2021-11-17 18:29:32,62.00899999999999,3615000.0,journey,,
id01,2021-11-18 07:34:14,2021-11-18 07:34:45,0.001,31000.0,journey,,
id01,2021-11-18 08:43:37,2021-11-18 08:46:59,1.068,202000.0,journey,,
id01,2021-11-18 09:07:47,2021-11-18 09:10:53,1.083,186000.0,journey,,
id01,2021-11-18 16:01:09,2021-11-18 16:16:58,9.969,949000.0,journey,,
id01,2021-11-18 16:25:29,2021-11-18 16:26:00,0.001,31000.0,journey,,
id01,2021-11-18 16:28:02,2021-11-18 16:38:25,7.047000000000001,623000.0,journey,,
id01,2021-11-18 16:47:49,2021-11-18 16:55:50,3.952,481000.0,journey,,
id01,2021-11-19 08:41:58,2021-11-19 08:45:51,1.097,233000.0,journey,,
id01,2021-11-19 09:05:28,2021-11-19 09:09:21,1.085,233000.0,journey,,
id01,2021-11-19 10:15:21,2021-11-19 10:24:04,,,charging,00:08:38,0.969
id01,2021-11-19 10:25:30,2021-11-19 12:32:39,,,charging,02:07:02,14.323
id01,2021-11-19 13:02:39,2021-11-19 13:14:18,,,charging,00:11:34,1.305
id01,2021-11-20 00:00:05,2021-11-20 08:52:48,,,charging,05:29:50,32.344
id01,2021-11-20 09:07:09,2021-11-20 09:07:40,0.067,31000.0,journey,,
id01,2021-11-20 09:08:58,2021-11-20 10:24:48,77.661,4550000.0,journey,,
id01,2021-11-20 11:42:14,2021-11-20 11:52:07,3.2430000000000003,593000.0,journey,,
id01,2021-11-20 14:02:48,2021-11-20 14:03:50,0.026,62000.0,journey,,
id01,2021-11-20 14:04:07,2021-11-20 15:22:12,80.268,4685000.0,journey,,
id01,2021-11-20 17:40:36,2021-11-20 17:48:49,3.5580000000000003,493000.0,journey,,
id01,2021-11-20 18:51:21,2021-11-20 19:08:24,16.225,1023000.0,journey,,
id01,2021-11-20 19:08:40,2021-11-20 19:53:10,47.859,2670000.0,journey,,
id01,2021-11-20 23:02:10,2021-11-21 00:01:56,61.325,3586000.0,journey,,
id01,2021-11-21 00:03:03,2021-11-21 00:05:38,0.8740000000000001,155000.0,journey,,
id01,2021-11-21 00:05:55,2021-11-21 10:30:11,,,charging,07:24:52,47.62
id01,2021-11-21 11:18:59,2021-11-21 11:25:11,3.825,372000.0,journey,,
id01,2021-11-21 12:32:27,2021-11-21 12:38:02,3.474,335000.0,journey,,
id01,2021-11-21 12:49:20,2021-11-21 12:52:27,1.079,187000.0,journey,,
id01,2021-11-21 12:52:55,2021-11-21 12:58:05,2.72,310000.0,journey,,
id01,2021-11-21 15:04:31,2021-11-21 15:09:57,3.48,326000.0,journey,,
id01,2021-11-22 00:00:05,2021-11-22 09:12:15,,,charging,00:46:52,3.374
id01,2021-11-22 09:18:04,2021-11-22 09:21:10,1.159,186000.0,journey,,
id01,2021-11-22 09:38:36,2021-11-22 09:41:42,1.109,186000.0,journey,,
id01,2021-11-22 09:54:17,2021-11-22 10:15:46,17.027,1289000.0,journey,,
id01,2021-11-22 10:17:48,2021-11-22 10:21:02,1.111,194000.0,journey,,
id01,2021-11-22 10:51:33,2021-11-22 11:03:12,8.49,699000.0,journey,,
id01,2021-11-22 11:39:03,2021-11-22 11:45:53,6.082999999999999,410000.0,journey,,
id01,2021-11-22 11:47:41,2021-11-22 11:54:09,4.181,388000.0,journey,,
id01,2021-11-22 12:20:15,2021-11-22 12:25:19,3.47,304000.0,journey,,
id01,2021-11-22 12:41:44,2021-11-22 12:48:13,4.246,389000.0,journey,,
id01,2021-11-22 13:47:31,2021-11-22 13:54:32,4.256,421000.0,journey,,
id01,2021-11-22 16:17:50,2021-11-22 16:32:18,8.187999999999999,868000.0,journey,,
id01,2021-11-22 16:39:34,2021-11-22 16:54:33,11.133,899000.0,journey,,
id01,2021-11-22 17:48:42,2021-11-22 17:55:59,7.263999999999999,437000.0,journey,,
id01,2021-11-22 20:57:04,2021-11-22 20:59:16,0.42,132000.0,journey,,
id01,2021-11-22 22:09:37,2021-11-22 22:11:10,0.14,93000.0,journey,,
id01,2021-11-22 22:14:34,2021-11-22 22:21:28,4.887,414000.0,journey,,
id01,2021-11-22 22:22:43,2021-11-22 22:26:20,2.007,217000.0,journey,,
id01,2021-11-22 22:49:27,2021-11-22 22:51:00,0.211,93000.0,journey,,
id01,2021-11-23 00:00:04,2021-11-23 08:46:28,,,charging,02:32:55,15.013
id01,2021-11-23 08:48:03,2021-11-23 08:51:40,1.101,217000.0,journey,,
id01,2021-11-23 09:12:26,2021-11-23 09:15:48,1.098,202000.0,journey,,
id01,2021-11-23 12:49:26,2021-11-23 12:52:33,1.63,187000.0,journey,,
id01,2021-11-23 12:55:29,2021-11-23 13:51:04,59.904,3335000.0,journey,,
id01,2021-11-23 13:52:20,2021-11-23 14:00:37,3.41,497000.0,journey,,
id01,2021-11-23 15:34:10,2021-11-23 15:35:44,0.173,94000.0,journey,,
id01,2021-11-23 15:37:41,2021-11-23 15:39:21,0.228,100000.0,journey,,
id01,2021-11-23 15:40:44,2021-11-23 15:46:07,1.098,323000.0,journey,,
id01,2021-11-23 15:46:47,2021-11-23 16:05:13,16.066,1106000.0,journey,,
id01,2021-11-23 16:09:53,2021-11-23 16:40:54,32.381,1861000.0,journey,,
id01,2021-11-23 16:46:39,2021-11-23 17:05:52,16.201,1153000.0,journey,,
id01,2021-11-23 17:06:28,2021-11-23 17:07:40,0.196,72000.0,journey,,
id01,2021-11-24 00:00:03,2021-11-24 08:56:25,,,charging,03:39:56,22.757
id01,2021-11-24 08:57:02,2021-11-24 09:01:41,1.6869999999999998,279000.0,journey,,
id01,2021-11-24 09:02:22,2021-11-24 09:06:30,1.645,248000.0,journey,,
id01,2021-11-24 16:50:03,2021-11-24 16:53:09,1.317,186000.0,journey,,
id01,2021-11-24 16:53:18,2021-11-24 17:03:49,6.785,631000.0,journey,,
id01,2021-11-24 17:09:37,2021-11-24 17:24:37,11.123,900000.0,journey,,
id01,2021-11-25 00:00:05,2021-11-25 08:58:36,,,charging,01:05:55,5.388999999999999
id01,2021-11-25 09:00:50,2021-11-25 09:04:27,1.101,217000.0,journey,,
id01,2021-11-25 09:26:59,2021-11-25 09:29:34,1.084,155000.0,journey,,
id01,2021-11-25 09:35:40,2021-11-25 09:36:42,0.008,62000.0,journey,,
id01,2021-11-25 09:38:04,2021-11-25 09:48:24,8.668,620000.0,journey,,
id01,2021-11-25 10:20:41,2021-11-25 10:23:17,0.968,156000.0,journey,,
id01,2021-11-25 10:48:35,2021-11-25 11:02:02,9.463,807000.0,journey,,
id01,2021-11-25 12:11:55,2021-11-25 12:13:06,0.1989999999999999,71000.0,journey,,
id01,2021-11-25 12:16:23,2021-11-25 12:20:48,3.247,265000.0,journey,,
id01,2021-11-25 13:36:31,2021-11-25 13:42:01,3.752,330000.0,journey,,
id01,2021-11-25 13:45:04,2021-11-25 13:48:10,1.085,186000.0,journey,,
id01,2021-11-25 14:15:51,2021-11-25 14:19:28,1.132,217000.0,journey,,
id01,2021-11-25 14:54:32,2021-11-25 14:59:12,1.646,280000.0,journey,,
id01,2021-11-25 15:01:15,2021-11-25 15:04:29,1.622,194000.0,journey,,
id01,2021-11-25 15:11:52,2021-11-25 15:32:05,16.397000000000002,1213000.0,journey,,
id01,2021-11-25 16:06:25,2021-11-25 16:29:26,16.692,1381000.0,journey,,
id01,2021-11-26 09:03:20,2021-11-26 09:06:57,1.652,217000.0,journey,,
id01,2021-11-26 09:08:28,2021-11-26 09:22:57,13.163,869000.0,journey,,
id01,2021-11-26 09:23:58,2021-11-26 09:24:29,0.0,31000.0,journey,,
id01,2021-11-26 09:24:41,2021-11-26 09:27:53,1.57,192000.0,journey,,
id01,2021-11-26 09:33:23,2021-11-26 10:02:23,30.22,1740000.0,journey,,
id01,2021-11-26 10:03:08,2021-11-26 10:08:18,2.95,310000.0,journey,,
id01,2021-11-26 12:38:56,2021-11-26 12:48:25,8.699,569000.0,journey,,
id01,2021-11-26 12:49:38,2021-11-26 13:15:21,25.84,1543000.0,journey,,
id01,2021-11-26 13:17:10,2021-11-26 13:33:52,14.446,1002000.0,journey,,
id01,2021-11-26 13:59:23,2021-11-26 14:02:41,1.661,198000.0,journey,,
id01,2021-11-26 14:03:49,2021-11-26 14:07:26,1.658,217000.0,journey,,
id01,2021-11-26 14:51:14,2021-11-26 14:55:53,1.695,279000.0,journey,,
id01,2021-11-26 15:01:50,2021-11-26 15:05:07,1.616,197000.0,journey,,
id01,2021-11-26 17:36:14,2021-11-26 17:39:20,1.157,186000.0,journey,,
id01,2021-11-26 19:23:01,2021-11-26 19:40:52,15.111,1071000.0,journey,,
id01,2021-11-26 22:32:47,2021-11-26 22:37:26,1.561,279000.0,journey,,
id01,2021-11-26 22:37:56,2021-11-26 22:47:37,6.507000000000001,581000.0,journey,,
id01,2021-11-26 22:49:10,2021-11-26 22:50:15,0.165,65000.0,journey,,
id01,2021-11-26 22:50:32,2021-11-26 22:52:36,0.8190000000000001,124000.0,journey,,
id01,2021-11-26 22:53:32,2021-11-26 23:07:24,9.475,832000.0,journey,,
id01,2021-11-26 23:09:58,2021-11-26 23:13:35,1.341,217000.0,journey,,
id01,2021-11-27 00:00:06,2021-11-27 10:47:02,,,charging,05:55:56,37.94
id01,2021-11-27 10:47:44,2021-11-27 11:06:21,15.465,1117000.0,journey,,
id01,2021-11-27 11:14:19,2021-11-27 11:15:22,0.01,63000.0,journey,,
id01,2021-11-27 11:49:31,2021-11-27 11:59:21,8.049,590000.0,journey,,
id01,2021-11-27 12:04:36,2021-11-27 12:13:41,7.32,545000.0,journey,,
id01,2021-11-27 12:25:24,2021-11-27 12:32:55,4.056,451000.0,journey,,
id01,2021-11-27 12:58:56,2021-11-27 13:01:11,0.64,135000.0,journey,,
id01,2021-11-27 13:25:06,2021-11-27 13:30:47,3.483,341000.0,journey,,
id01,2021-11-27 15:00:34,2021-11-27 15:21:15,16.41,1241000.0,journey,,
id01,2021-11-27 15:21:38,2021-11-27 15:22:09,0.0,31000.0,journey,,
id01,2021-11-27 16:19:15,2021-11-27 16:38:24,16.398,1149000.0,journey,,
id01,2021-11-27 16:55:53,2021-11-27 16:56:24,0.0,31000.0,journey,,
id01,2021-11-28 00:00:07,2021-11-28 11:02:24,,,charging,02:28:56,14.637
id01,2021-11-29 00:00:07,2021-11-29 08:36:58,,,charging,01:11:55,6.299
id01,2021-11-30 00:00:07,2021-11-30 08:31:18,,,charging,01:36:55,9.073
id01,2021-11-30 12:27:32,2021-11-30 12:31:09,1.338,217000.0,journey,,
id01,2021-11-30 12:33:23,2021-11-30 12:51:14,14.822,1071000.0,journey,,
id01,2021-11-30 13:01:09,2021-11-30 13:20:27,16.11,1158000.0,journey,,
id01,2021-11-30 16:31:11,2021-11-30 16:36:52,3.792,341000.0,journey,,
id01,2021-11-30 20:11:55,2021-11-30 20:17:15,3.531,320000.0,journey,,
id01,2021-12-01 08:45:07,2021-12-01 08:48:44,1.102,217000.0,journey,,
id01,2021-12-01 09:06:51,2021-12-01 09:10:32,1.106,221000.0,journey,,
id01,2021-12-01 12:49:06,2021-12-01 12:52:21,1.65,195000.0,journey,,
id01,2021-12-01 12:53:31,2021-12-01 13:15:46,21.95,1335000.0,journey,,
id01,2021-12-01 13:18:35,2021-12-01 13:58:29,41.365,2394000.0,journey,,
id01,2021-12-01 14:37:56,2021-12-01 14:40:31,0.532,155000.0,journey,,
id01,2021-12-01 14:40:47,2021-12-01 14:42:51,0.2,124000.0,journey,,
id01,2021-12-01 14:58:33,2021-12-01 15:05:47,2.794,434000.0,journey,,
id01,2021-12-01 15:06:35,2021-12-01 15:20:33,14.452,838000.0,journey,,
id01,2021-12-01 15:31:02,2021-12-01 16:10:38,42.625,2376000.0,journey,,
id01,2021-12-01 16:14:29,2021-12-01 16:27:47,8.149,798000.0,journey,,
id01,2021-12-02 00:00:00,2021-12-02 09:00:20,,,charging,05:03:55,31.732
id01,2021-12-02 09:03:20,2021-12-02 09:06:06,1.1,166000.0,journey,,
id01,2021-12-02 09:31:52,2021-12-02 09:34:27,1.078,155000.0,journey,,
id01,2021-12-02 09:38:53,2021-12-02 09:50:47,9.533,714000.0,journey,,
id01,2021-12-02 10:30:06,2021-12-02 10:32:10,0.777,124000.0,journey,,
id01,2021-12-02 11:34:29,2021-12-02 11:46:45,8.86,736000.0,journey,,
id01,2021-12-02 11:46:45,2021-12-02 14:00:56,1.695,8051000.0,journey,,
id01,2021-12-02 13:56:48,2021-12-02 14:00:57,1.675,249000.0,journey,,
id01,2021-12-02 14:04:13,2021-12-02 14:10:06,4.4910000000000005,353000.0,journey,,
id01,2021-12-02 14:10:06,2021-12-02 14:16:35,3.504,389000.0,journey,,
id01,2021-12-02 14:11:24,2021-12-02 14:56:37,5.15,2713000.0,journey,,
id01,2021-12-02 14:52:28,2021-12-02 15:12:05,1.651,1177000.0,journey,,
id01,2021-12-02 15:07:26,2021-12-02 15:12:05,1.969,279000.0,journey,,
id01,2021-12-02 22:01:43,2021-12-03 09:03:01,,,charging,01:13:55,6.577999999999999
id01,2021-12-03 09:05:20,2021-12-03 09:09:28,1.695,248000.0,journey,,
id01,2021-12-03 09:10:18,2021-12-03 09:56:25,46.74100000000001,2767000.0,journey,,
id01,2021-12-03 12:16:55,2021-12-03 12:20:10,0.912,195000.0,journey,,
id01,2021-12-03 12:21:12,2021-12-03 12:24:49,0.945,217000.0,journey,,
id01,2021-12-03 12:27:41,2021-12-03 12:29:47,0.7040000000000001,126000.0,journey,,
id01,2021-12-03 13:13:53,2021-12-03 13:57:18,46.117,2605000.0,journey,,
id01,2021-12-03 14:02:46,2021-12-03 14:08:27,4.475,341000.0,journey,,
id01,2021-12-03 14:51:15,2021-12-03 14:57:27,4.242,372000.0,journey,,
id01,2021-12-03 15:01:40,2021-12-03 15:05:48,1.65,248000.0,journey,,
id01,2021-12-03 16:13:44,2021-12-03 16:23:37,7.286,593000.0,journey,,
id01,2021-12-03 16:29:16,2021-12-03 16:39:39,7.278,623000.0,journey,,
id01,2021-12-04 00:00:00,2021-12-04 08:52:15,,,charging,03:38:55,22.544
id01,2021-12-04 08:58:04,2021-12-04 08:58:35,0.001,31000.0,journey,,
id01,2021-12-04 08:59:12,2021-12-04 09:55:02,62.151,3350000.0,journey,,
id01,2021-12-04 09:56:46,2021-12-04 10:23:53,31.293000000000003,1627000.0,journey,,
id01,2021-12-04 10:25:08,2021-12-04 10:27:13,0.166,125000.0,journey,,
id01,2021-12-04 11:47:41,2021-12-04 11:56:51,8.925,550000.0,journey,,
id01,2021-12-04 11:58:45,2021-12-04 12:17:47,17.474,1142000.0,journey,,
id01,2021-12-04 12:27:05,2021-12-04 12:33:18,1.304,373000.0,journey,,
id01,2021-12-04 12:33:41,2021-12-04 12:34:12,0.0,31000.0,journey,,
id01,2021-12-04 12:34:37,2021-12-04 12:35:08,0.008,31000.0,journey,,
id01,2021-12-04 12:38:24,2021-12-04 12:38:55,0.002,31000.0,journey,,
id01,2021-12-04 12:39:13,2021-12-04 12:39:44,0.0,31000.0,journey,,
id01,2021-12-04 12:40:02,2021-12-04 12:41:04,0.01,62000.0,journey,,
id01,2021-12-04 12:42:27,2021-12-04 12:44:00,0.0289999999999999,93000.0,journey,,
id01,2021-12-04 12:44:24,2021-12-04 12:51:38,3.3760000000000003,434000.0,journey,,
id01,2021-12-04 12:53:50,2021-12-04 13:36:49,46.574,2579000.0,journey,,
id01,2021-12-04 13:45:13,2021-12-04 14:03:53,15.967,1120000.0,journey,,
id01,2021-12-04 14:29:47,2021-12-04 14:33:30,0.933,223000.0,journey,,
id01,2021-12-04 14:34:05,2021-12-04 14:56:57,17.083,1372000.0,journey,,
id01,2021-12-04 15:12:59,2021-12-04 15:16:36,1.196,217000.0,journey,,
id01,2021-12-04 15:31:14,2021-12-04 15:33:49,0.542,155000.0,journey,,
id01,2021-12-04 15:46:05,2021-12-04 15:48:40,0.249,155000.0,journey,,
id01,2021-12-04 16:08:45,2021-12-04 16:13:01,0.96,256000.0,journey,,
id01,2021-12-04 17:06:41,2021-12-04 17:28:59,16.65,1338000.0,journey,,
id01,2021-12-04 19:23:19,2021-12-04 19:24:53,0.0579999999999999,94000.0,journey,,
id01,2021-12-05 12:19:04,2021-12-05 12:22:10,1.112,186000.0,journey,,
id01,2021-12-05 12:55:45,2021-12-05 13:01:59,4.07,374000.0,journey,,
id01,2021-12-05 14:13:58,2021-12-05 14:34:02,16.879,1204000.0,journey,,
id01,2021-12-05 16:00:31,2021-12-05 16:04:08,1.088,217000.0,journey,,
id01,2021-12-05 16:04:39,2021-12-05 16:05:10,0.0,31000.0,journey,,
id01,2021-12-05 16:33:06,2021-12-05 16:52:44,15.53,1178000.0,journey,,
id01,2021-12-05 16:54:50,2021-12-05 16:57:25,0.486,155000.0,journey,,
id01,2021-12-06 08:41:40,2021-12-06 08:45:17,1.151,217000.0,journey,,
id01,2021-12-06 09:06:08,2021-12-06 09:10:32,1.102,264000.0,journey,,
id01,2021-12-06 16:27:22,2021-12-06 16:39:47,8.859,745000.0,journey,,
id01,2021-12-06 16:48:23,2021-12-06 16:54:53,3.559,390000.0,journey,,
id01,2021-12-06 16:58:33,2021-12-06 17:07:45,7.415,552000.0,journey,,
id01,2021-12-06 17:31:44,2021-12-06 17:37:12,3.48,328000.0,journey,,
id01,2021-12-06 17:57:02,2021-12-06 18:06:02,7.247999999999999,540000.0,journey,,
id01,2021-12-06 20:29:43,2021-12-06 20:31:16,0.363,93000.0,journey,,
id01,2021-12-06 20:31:53,2021-12-06 20:32:24,0.004,31000.0,journey,,
id01,2021-12-06 21:44:55,2021-12-06 21:55:51,7.559,656000.0,journey,,
id01,2021-12-07 05:23:42,2021-12-07 05:24:13,0.001,31000.0,journey,,
id01,2021-12-07 05:25:50,2021-12-07 05:26:21,0.0,31000.0,journey,,
id01,2021-12-07 20:16:58,2021-12-07 20:19:03,0.235,125000.0,journey,,
id01,2021-12-07 20:19:40,2021-12-07 20:26:02,3.673,382000.0,journey,,
id01,2021-12-07 20:59:29,2021-12-07 21:05:34,3.537,365000.0,journey,,
id01,2021-12-08 10:25:13,2021-12-08 10:45:42,16.146,1229000.0,journey,,
id01,2021-12-08 10:51:14,2021-12-08 10:53:18,0.349,124000.0,journey,,
id01,2021-12-08 14:47:42,2021-12-08 14:50:17,0.402,155000.0,journey,,
id01,2021-12-08 14:57:33,2021-12-08 14:59:45,0.37,132000.0,journey,,
id01,2021-12-08 19:08:59,2021-12-08 19:29:27,16.406,1228000.0,journey,,
id01,2021-12-09 07:38:08,2021-12-09 07:39:10,0.071,62000.0,journey,,
id01,2021-12-09 07:46:45,2021-12-09 08:02:47,14.327,962000.0,journey,,
id01,2021-12-09 08:22:33,2021-12-09 08:26:19,1.874,226000.0,journey,,
id01,2021-12-09 08:28:38,2021-12-09 08:29:09,0.0,31000.0,journey,,
id01,2021-12-09 08:47:43,2021-12-09 09:06:35,22.433000000000003,1132000.0,journey,,
id01,2021-12-09 09:11:33,2021-12-09 09:12:04,0.0,31000.0,journey,,
id01,2021-12-09 09:13:53,2021-12-09 09:25:16,14.698,683000.0,journey,,
id01,2021-12-09 09:28:48,2021-12-09 09:41:47,13.084,779000.0,journey,,
id01,2021-12-09 09:43:07,2021-12-09 09:59:55,15.062,1008000.0,journey,,
id01,2021-12-09 10:13:41,2021-12-09 10:33:47,28.053,1206000.0,journey,,
id01,2021-12-09 10:34:47,2021-12-09 11:26:19,54.524,3092000.0,journey,,
id01,2021-12-09 11:26:39,2021-12-09 11:32:20,5.404,341000.0,journey,,
id01,2021-12-09 11:32:42,2021-12-09 11:39:07,2.191,385000.0,journey,,
id01,2021-12-09 11:39:35,2021-12-09 11:41:42,0.357,127000.0,journey,,
id01,2021-12-09 11:58:10,2021-12-09 11:59:21,0.152,71000.0,journey,,
id01,2021-12-09 12:06:39,2021-12-09 12:08:12,0.206,93000.0,journey,,
id01,2021-12-09 12:09:36,2021-12-09 12:11:40,0.6729999999999999,124000.0,journey,,
id01,2021-12-09 16:52:37,2021-12-09 16:57:16,1.318,279000.0,journey,,
id01,2021-12-09 17:15:57,2021-12-09 17:27:26,7.763,689000.0,journey,,
id01,2021-12-09 17:27:44,2021-12-09 17:30:19,0.513,155000.0,journey,,
id01,2021-12-09 17:30:52,2021-12-09 17:45:20,2.752,868000.0,journey,,
id01,2021-12-09 17:47:17,2021-12-09 17:49:52,0.281,155000.0,journey,,
id01,2021-12-10 08:55:28,2021-12-10 08:55:59,0.001,31000.0,journey,,
id01,2021-12-10 08:56:15,2021-12-10 09:04:41,2.053,506000.0,journey,,
id01,2021-12-10 09:05:33,2021-12-10 09:09:10,0.298,217000.0,journey,,
id01,2021-12-10 09:09:43,2021-12-10 09:10:14,0.0,31000.0,journey,,
id01,2021-12-10 10:59:25,2021-12-10 11:04:25,0.449,300000.0,journey,,
id01,2021-12-10 11:04:56,2021-12-10 11:07:31,0.925,155000.0,journey,,
id01,2021-12-10 11:07:57,2021-12-10 11:10:01,0.769,124000.0,journey,,
id01,2021-12-10 11:11:12,2021-12-10 11:57:18,63.847,2766000.0,journey,,
id01,2021-12-10 12:12:20,2021-12-10 13:39:13,97.543,5213000.0,journey,,
id01,2021-12-10 13:46:26,2021-12-10 13:56:15,7.558,589000.0,journey,,
id01,2021-12-10 14:05:36,2021-12-10 14:08:49,1.529,193000.0,journey,,
id01,2021-12-10 14:54:28,2021-12-10 14:59:07,1.626,279000.0,journey,,
id01,2021-12-10 15:01:46,2021-12-10 15:05:24,1.596,218000.0,journey,,
id01,2021-12-10 15:11:04,2021-12-10 15:16:15,3.63,311000.0,journey,,
id01,2021-12-10 15:48:23,2021-12-10 15:54:36,3.507,373000.0,journey,,
id01,2021-12-10 15:54:09,2021-12-11 12:16:49,,,charging,10:56:55,66.204
id01,2021-12-11 12:21:40,2021-12-11 12:43:25,16.709,1305000.0,journey,,
id01,2021-12-11 14:13:55,2021-12-11 14:17:33,0.765,218000.0,journey,,
id01,2021-12-11 14:36:00,2021-12-11 14:53:50,15.957,1070000.0,journey,,
id01,2021-12-11 14:56:41,2021-12-11 15:02:40,3.4930000000000003,359000.0,journey,,
id01,2021-12-12 10:52:02,2021-12-12 10:52:33,0.135,31000.0,journey,,
id01,2021-12-12 10:57:51,2021-12-12 11:10:15,8.472000000000001,744000.0,journey,,
id01,2021-12-12 11:19:19,2021-12-12 11:28:53,5.82,574000.0,journey,,
id01,2021-12-12 12:22:13,2021-12-12 12:40:04,12.707,1071000.0,journey,,
id01,2021-12-12 13:03:10,2021-12-12 13:08:37,3.513,327000.0,journey,,
id01,2021-12-12 15:30:47,2021-12-12 15:36:28,3.57,341000.0,journey,,
id01,2021-12-12 16:09:47,2021-12-12 16:31:54,16.562,1327000.0,journey,,
id01,2021-12-12 16:36:08,2021-12-12 16:40:47,2.233,279000.0,journey,,
id01,2021-12-12 16:42:19,2021-12-12 16:58:51,13.957,992000.0,journey,,
id01,2021-12-13 08:53:34,2021-12-13 08:57:11,1.145,217000.0,journey,,
id01,2021-12-13 09:19:26,2021-12-13 09:22:33,1.094,187000.0,journey,,
id01,2021-12-13 12:19:55,2021-12-13 12:32:36,8.779,761000.0,journey,,
id01,2021-12-13 12:42:04,2021-12-13 12:43:06,0.004,62000.0,journey,,
id01,2021-12-13 13:22:14,2021-12-13 13:33:21,8.827,667000.0,journey,,
id01,2021-12-13 17:03:27,2021-12-13 17:04:29,0.0559999999999999,62000.0,journey,,
id01,2021-12-13 17:05:55,2021-12-13 17:19:53,8.068999999999999,838000.0,journey,,
id01,2021-12-13 17:22:40,2021-12-13 17:37:40,8.174,900000.0,journey,,
id01,2021-12-13 17:37:19,2021-12-14 08:40:41,,,charging,04:03:54,25.051
id01,2021-12-14 13:54:55,2021-12-14 13:59:34,1.686,279000.0,journey,,
id01,2021-12-14 14:05:56,2021-12-14 14:12:39,4.546,403000.0,journey,,
id01,2021-12-14 14:50:22,2021-12-14 14:56:03,4.195,341000.0,journey,,
id01,2021-12-14 14:59:02,2021-12-14 15:05:14,4.529,372000.0,journey,,
id01,2021-12-14 15:06:31,2021-12-14 15:11:57,4.211,326000.0,journey,,
id01,2021-12-14 15:38:15,2021-12-14 15:43:56,4.529,341000.0,journey,,
id01,2021-12-14 15:47:01,2021-12-14 16:02:49,15.169,948000.0,journey,,
id01,2021-12-14 16:25:52,2021-12-14 16:41:22,14.932,930000.0,journey,,
id01,2021-12-14 16:45:38,2021-12-14 16:52:06,3.486,388000.0,journey,,
id01,2021-12-15 08:45:43,2021-12-15 08:49:26,1.136,223000.0,journey,,
id01,2021-12-15 09:09:38,2021-12-15 09:13:15,1.107,217000.0,journey,,
id01,2021-12-15 16:56:57,2021-12-15 17:13:06,9.974,969000.0,journey,,
id01,2021-12-15 17:18:49,2021-12-15 17:32:46,8.217,837000.0,journey,,
id01,2021-12-15 20:40:09,2021-12-15 20:44:11,1.406,242000.0,journey,,
id01,2021-12-15 20:44:51,2021-12-15 20:48:44,1.335,233000.0,journey,,
id01,2021-12-16 00:00:04,2021-12-16 09:03:39,,,charging,03:02:32,16.570999999999998
id01,2021-12-16 09:04:47,2021-12-16 09:08:55,1.6769999999999998,248000.0,journey,,
id01,2021-12-16 09:09:28,2021-12-16 09:11:01,0.326,93000.0,journey,,
id01,2021-12-16 09:25:09,2021-12-16 09:28:15,1.329,186000.0,journey,,
id01,2021-12-16 13:59:07,2021-12-16 14:02:21,1.621,194000.0,journey,,
id01,2021-12-16 14:03:34,2021-12-16 14:09:15,4.526,341000.0,journey,,
id01,2021-12-16 14:57:16,2021-12-16 15:02:33,4.228,317000.0,journey,,
id01,2021-12-16 15:04:02,2021-12-16 15:09:46,4.547,344000.0,journey,,
id01,2021-12-16 15:49:06,2021-12-16 15:54:21,3.51,315000.0,journey,,
id01,2021-12-16 16:24:02,2021-12-16 16:29:12,1.777,310000.0,journey,,
id01,2021-12-16 17:10:05,2021-12-16 17:15:00,1.798,295000.0,journey,,
id01,2021-12-17 09:03:58,2021-12-17 09:07:35,1.197,217000.0,journey,,
id01,2021-12-17 09:27:06,2021-12-17 09:28:52,0.318,106000.0,journey,,
id01,2021-12-17 09:33:32,2021-12-17 09:36:39,1.277,187000.0,journey,,
id01,2021-12-17 10:15:10,2021-12-17 10:16:12,0.015,62000.0,journey,,
id01,2021-12-17 10:23:07,2021-12-17 10:23:38,0.001,31000.0,journey,,
id01,2021-12-17 10:24:30,2021-12-17 10:25:01,0.0,31000.0,journey,,
id01,2021-12-17 10:26:52,2021-12-17 10:28:25,0.025,93000.0,journey,,
id01,2021-12-17 10:30:51,2021-12-17 10:31:53,0.003,62000.0,journey,,
id01,2021-12-17 10:38:02,2021-12-17 10:38:33,0.0,31000.0,journey,,
id01,2021-12-17 12:37:18,2021-12-17 12:55:09,16.099,1071000.0,journey,,
id01,2021-12-17 12:58:37,2021-12-17 13:02:16,0.662,219000.0,journey,,
id01,2021-12-17 13:29:36,2021-12-17 13:33:54,0.986,258000.0,journey,,
id01,2021-12-17 13:35:51,2021-12-17 13:38:57,0.898,186000.0,journey,,
id01,2021-12-17 13:41:20,2021-12-17 14:00:13,15.057,1133000.0,journey,,
id01,2021-12-17 14:03:33,2021-12-17 14:09:30,4.506,357000.0,journey,,
id01,2021-12-17 14:52:51,2021-12-17 14:58:33,4.185,342000.0,journey,,
id01,2021-12-17 15:03:41,2021-12-17 15:10:57,4.49,436000.0,journey,,
id01,2021-12-17 15:54:09,2021-12-17 16:00:21,3.52,372000.0,journey,,
id01,2021-12-17 17:38:44,2021-12-17 18:11:57,25.64,1993000.0,journey,,
id01,2021-12-17 19:54:58,2021-12-17 20:08:58,8.605,840000.0,journey,,
id01,2021-12-19 00:00:06,2021-12-19 10:50:56,,,charging,03:15:55,20.032
id01,2021-12-19 10:56:26,2021-12-19 11:02:57,3.793,391000.0,journey,,
id01,2021-12-19 14:01:36,2021-12-19 14:07:49,3.955,373000.0,journey,,
id01,2021-12-19 14:08:54,2021-12-19 14:12:31,1.324,217000.0,journey,,
id01,2021-12-19 14:21:48,2021-12-19 14:27:38,3.76,350000.0,journey,,
id01,2021-12-19 15:03:30,2021-12-19 15:09:42,3.551,372000.0,journey,,
id01,2021-12-20 08:49:22,2021-12-20 08:52:59,1.145,217000.0,journey,,
id01,2021-12-20 09:11:52,2021-12-20 09:12:54,0.133,62000.0,journey,,
id01,2021-12-20 09:13:59,2021-12-20 09:17:52,1.33,233000.0,journey,,
id01,2021-12-20 16:14:39,2021-12-20 16:29:00,9.912,861000.0,journey,,
id01,2021-12-20 16:34:05,2021-12-20 16:49:51,9.949,946000.0,journey,,
id01,2021-12-21 00:30:27,2021-12-21 08:46:36,,,charging,01:24:55,7.813
id01,2021-12-21 08:50:30,2021-12-21 08:54:07,1.108,217000.0,journey,,
id01,2021-12-21 09:12:15,2021-12-21 09:15:21,1.094,186000.0,journey,,
id01,2021-12-21 10:11:22,2021-12-21 10:14:59,1.632,217000.0,journey,,
id01,2021-12-21 10:22:15,2021-12-21 10:25:52,1.643,217000.0,journey,,
id01,2021-12-21 16:20:59,2021-12-21 16:32:28,8.843,689000.0,journey,,
id01,2021-12-21 16:36:39,2021-12-21 16:41:50,3.448,311000.0,journey,,
id01,2021-12-21 16:50:20,2021-12-21 17:03:46,9.886,806000.0,journey,,
id01,2021-12-21 17:04:11,2021-12-21 17:04:42,0.023,31000.0,journey,,
id01,2021-12-22 09:06:07,2021-12-22 09:10:31,1.6569999999999998,264000.0,journey,,
id01,2021-12-22 09:11:12,2021-12-22 09:13:19,0.354,127000.0,journey,,
id01,2021-12-22 09:15:37,2021-12-22 09:18:49,1.327,192000.0,journey,,
id01,2021-12-22 11:24:31,2021-12-22 11:30:43,1.872,372000.0,journey,,
id01,2021-12-22 11:33:37,2021-12-22 11:37:45,1.664,248000.0,journey,,
id01,2021-12-22 11:40:20,2021-12-22 11:44:03,0.276,223000.0,journey,,
id01,2021-12-22 15:38:00,2021-12-22 15:59:44,16.29,1304000.0,journey,,
id01,2021-12-22 16:38:26,2021-12-22 16:59:38,16.393,1272000.0,journey,,
id01,2021-12-22 19:30:45,2021-12-22 19:32:30,0.22,105000.0,journey,,
id01,2021-12-22 19:32:46,2021-12-22 19:35:33,1.126,167000.0,journey,,
id01,2021-12-22 19:36:06,2021-12-22 19:52:41,15.033,995000.0,journey,,
id01,2021-12-22 20:49:49,2021-12-22 20:53:02,0.743,193000.0,journey,,
id01,2021-12-22 21:48:08,2021-12-22 22:09:04,16.018,1256000.0,journey,,
id01,2021-12-23 14:48:40,2021-12-23 14:53:50,3.497,310000.0,journey,,
id01,2021-12-23 15:31:28,2021-12-23 15:41:17,7.379,589000.0,journey,,
id01,2021-12-23 15:42:58,2021-12-23 15:53:03,6.517,605000.0,journey,,
id01,2021-12-23 16:13:14,2021-12-23 16:30:34,11.914,1040000.0,journey,,
id01,2021-12-24 09:10:09,2021-12-24 09:10:40,0.001,31000.0,journey,,
id01,2021-12-24 11:16:14,2021-12-24 11:38:13,16.381,1319000.0,journey,,
id01,2021-12-24 14:03:01,2021-12-24 14:13:53,5.997999999999999,652000.0,journey,,
id01,2021-12-24 14:34:34,2021-12-24 14:50:00,11.851,926000.0,journey,,
id01,2021-12-24 14:50:03,2021-12-24 15:04:17,,,charging,00:14:08,1.567
id01,2021-12-25 11:57:43,2021-12-25 12:11:26,9.073,823000.0,journey,,
id01,2021-12-25 12:44:13,2021-12-25 12:54:51,6.95,638000.0,journey,,
id01,2021-12-25 12:57:21,2021-12-25 13:01:01,2.109,220000.0,journey,,
id01,2021-12-25 15:57:28,2021-12-25 15:57:59,0.0,31000.0,journey,,
id01,2021-12-25 15:58:46,2021-12-25 16:06:19,3.811,453000.0,journey,,
id01,2021-12-25 16:06:37,2021-12-25 16:07:08,0.0,31000.0,journey,,
id01,2021-12-25 16:10:27,2021-12-25 16:18:21,4.164,474000.0,journey,,
id01,2021-12-25 16:28:54,2021-12-25 16:37:13,3.978,499000.0,journey,,
id01,2021-12-25 16:57:26,2021-12-25 16:58:28,0.034,62000.0,journey,,
id01,2021-12-25 17:00:59,2021-12-25 17:02:01,0.002,62000.0,journey,,
id01,2021-12-25 21:23:36,2021-12-25 21:29:50,3.51,374000.0,journey,,
id01,2021-12-25 23:20:26,2021-12-26 12:31:27,,,charging,05:43:55,35.61
id01,2021-12-26 12:34:59,2021-12-26 12:47:07,8.232999999999999,728000.0,journey,,
id01,2021-12-26 14:07:26,2021-12-26 14:17:15,6.29,589000.0,journey,,
id01,2021-12-26 14:29:21,2021-12-26 14:46:24,11.902,1023000.0,journey,,
id01,2021-12-26 15:02:58,2021-12-26 15:11:37,7.262,519000.0,journey,,
id01,2021-12-26 17:09:49,2021-12-26 17:15:02,3.876,313000.0,journey,,
id01,2021-12-26 18:18:18,2021-12-26 18:23:14,3.494,296000.0,journey,,
id01,2022-01-02 11:22:36,2022-01-02 11:23:38,0.0139999999999999,62000.0,journey,,
id01,2022-01-02 11:27:44,2022-01-02 11:43:46,10.728,962000.0,journey,,
id01,2022-01-02 12:50:21,2022-01-02 12:57:35,3.309,434000.0,journey,,
id01,2022-01-02 14:40:18,2022-01-02 14:41:21,0.0579999999999999,63000.0,journey,,
id01,2022-01-02 14:42:18,2022-01-02 14:52:38,7.263,620000.0,journey,,
id01,2022-01-02 15:26:29,2022-01-02 15:31:48,2.78,319000.0,journey,,
id01,2022-01-02 18:11:21,2022-01-02 18:18:10,2.802,409000.0,journey,,
id01,2022-01-03 10:58:38,2022-01-03 10:59:09,0.0,31000.0,journey,,
id01,2022-01-03 12:26:05,2022-01-03 12:28:40,0.352,155000.0,journey,,
id01,2022-01-03 12:31:28,2022-01-03 12:51:40,15.935,1212000.0,journey,,
id01,2022-01-03 13:41:42,2022-01-03 13:44:17,0.422,155000.0,journey,,
id01,2022-01-03 13:48:19,2022-01-03 13:51:27,1.237,188000.0,journey,,
id01,2022-01-03 14:25:54,2022-01-03 14:44:35,15.211,1121000.0,journey,,
id01,2022-01-03 14:56:48,2022-01-03 15:03:34,4.54,406000.0,journey,,
id01,2022-01-03 15:47:07,2022-01-03 15:53:04,3.543,357000.0,journey,,
id01,2022-01-03 16:20:12,2022-01-03 16:30:35,7.306,623000.0,journey,,
id01,2022-01-03 17:46:17,2022-01-03 17:55:35,7.275,558000.0,journey,,
id01,2022-01-03 17:55:35,2022-01-04 12:06:33,,,charging,04:05:56,24.418000000000003
id01,2022-01-04 12:07:23,2022-01-04 12:07:54,0.0139999999999999,31000.0,journey,,
id01,2022-01-04 12:08:41,2022-01-04 12:13:51,3.774,310000.0,journey,,
id01,2022-01-04 12:50:36,2022-01-04 12:55:15,3.5410000000000004,279000.0,journey,,
id01,2022-01-04 13:46:06,2022-01-04 13:51:50,3.531,344000.0,journey,,
id01,2022-01-04 14:59:34,2022-01-04 15:05:00,3.503,326000.0,journey,,
id01,2022-01-05 13:43:13,2022-01-05 13:43:44,0.003,31000.0,journey,,
id01,2022-01-05 13:45:06,2022-01-05 13:45:37,0.034,31000.0,journey,,
id01,2022-01-05 13:45:40,2022-01-05 14:09:41,16.554000000000002,1441000.0,journey,,
id01,2022-01-05 15:57:55,2022-01-05 16:07:13,7.524,558000.0,journey,,
id01,2022-01-05 16:10:22,2022-01-05 16:15:11,3.254,289000.0,journey,,
id01,2022-01-05 16:30:05,2022-01-05 16:36:48,3.725,403000.0,journey,,
id01,2022-01-05 17:38:09,2022-01-05 17:50:03,8.538,714000.0,journey,,
id01,2022-01-06 09:09:58,2022-01-06 09:14:06,1.6769999999999998,248000.0,journey,,
id01,2022-01-06 09:17:31,2022-01-06 09:20:06,1.175,155000.0,journey,,
id01,2022-01-06 09:23:37,2022-01-06 09:25:10,0.275,93000.0,journey,,
id01,2022-01-06 12:04:21,2022-01-06 12:05:23,0.061,62000.0,journey,,
id01,2022-01-06 12:05:54,2022-01-06 12:23:59,15.921,1085000.0,journey,,
id01,2022-01-06 13:41:29,2022-01-06 13:46:39,2.132,310000.0,journey,,
id01,2022-01-06 13:48:37,2022-01-06 14:01:01,13.25,744000.0,journey,,
id01,2022-01-06 14:02:58,2022-01-06 14:07:06,1.658,248000.0,journey,,
id01,2022-01-06 14:50:00,2022-01-06 14:54:55,1.624,295000.0,journey,,
id01,2022-01-06 15:02:51,2022-01-06 15:06:28,1.586,217000.0,journey,,
id01,2022-01-07 06:36:37,2022-01-07 06:37:08,0.003,31000.0,journey,,
id01,2022-01-07 08:56:24,2022-01-07 08:56:55,0.002,31000.0,journey,,
id01,2022-01-07 09:01:14,2022-01-07 10:07:57,66.78399999999999,4003000.0,journey,,
id01,2022-01-07 10:58:49,2022-01-07 11:09:09,3.947,620000.0,journey,,
id01,2022-01-07 11:09:27,2022-01-07 11:09:58,0.0,31000.0,journey,,
id01,2022-01-07 11:11:26,2022-01-07 11:12:59,0.012,93000.0,journey,,
id01,2022-01-07 11:14:27,2022-01-07 11:14:58,0.0,31000.0,journey,,
id01,2022-01-07 11:15:30,2022-01-07 11:16:01,0.002,31000.0,journey,,
id01,2022-01-07 11:17:20,2022-01-07 11:24:03,3.403,403000.0,journey,,
id01,2022-01-07 11:25:50,2022-01-07 12:34:25,61.574,4115000.0,journey,,
id01,2022-01-07 17:54:40,2022-01-07 17:55:11,0.017,31000.0,journey,,
id01,2022-01-09 13:31:39,2022-01-09 13:36:49,3.804,310000.0,journey,,
id01,2022-01-09 16:15:09,2022-01-09 16:18:16,1.255,187000.0,journey,,
id01,2022-01-09 16:18:45,2022-01-09 16:22:25,2.543,220000.0,journey,,
id01,2022-01-09 16:24:33,2022-01-09 16:25:38,0.161,65000.0,journey,,
id01,2022-01-09 16:26:51,2022-01-09 16:29:28,1.043,157000.0,journey,,
id01,2022-01-09 21:48:43,2022-01-09 21:49:14,0.003,31000.0,journey,,
id01,2022-01-09 21:51:10,2022-01-10 09:09:55,,,charging,07:28:52,47.934
id01,2022-01-10 09:10:50,2022-01-10 09:15:29,1.6880000000000002,279000.0,journey,,
id01,2022-01-10 09:16:40,2022-01-10 09:21:04,1.631,264000.0,journey,,
id01,2022-01-10 16:00:45,2022-01-10 16:01:16,0.003,31000.0,journey,,
id01,2022-01-10 16:01:38,2022-01-10 16:15:20,9.906,822000.0,journey,,
id01,2022-01-10 16:25:45,2022-01-10 16:40:08,9.943,863000.0,journey,,
id01,2022-01-10 17:59:09,2022-01-10 18:14:50,11.798,941000.0,journey,,
id01,2022-01-10 21:52:40,2022-01-10 21:58:17,3.819,337000.0,journey,,
id01,2022-01-10 22:43:10,2022-01-10 22:48:23,3.474,313000.0,journey,,
id01,2022-01-11 09:01:34,2022-01-11 09:05:11,1.092,217000.0,journey,,
id01,2022-01-11 09:23:04,2022-01-11 09:26:41,1.089,217000.0,journey,,
id01,2022-01-11 13:51:29,2022-01-11 13:52:31,0.033,62000.0,journey,,
id01,2022-01-11 13:52:52,2022-01-11 13:57:00,1.529,248000.0,journey,,
id01,2022-01-11 14:02:04,2022-01-11 14:06:12,1.653,248000.0,journey,,
id01,2022-01-11 14:52:23,2022-01-11 14:56:31,1.666,248000.0,journey,,
id01,2022-01-11 15:03:28,2022-01-11 15:07:36,1.668,248000.0,journey,,
id01,2022-01-11 17:57:14,2022-01-11 18:09:08,8.838,714000.0,journey,,
id01,2022-01-11 18:11:47,2022-01-11 18:23:40,8.849,713000.0,journey,,
id01,2022-01-12 08:59:03,2022-01-12 09:02:41,1.086,218000.0,journey,,
id01,2022-01-12 09:24:18,2022-01-12 09:27:24,1.07,186000.0,journey,,
id01,2022-01-12 13:57:54,2022-01-12 14:01:16,1.64,202000.0,journey,,
id01,2022-01-12 14:03:11,2022-01-12 14:10:00,4.526,409000.0,journey,,
id01,2022-01-12 14:12:19,2022-01-12 14:14:57,1.161,158000.0,journey,,
id01,2022-01-12 14:16:22,2022-01-12 14:20:30,2.3080000000000003,248000.0,journey,,
id01,2022-01-12 14:50:02,2022-01-12 14:53:39,1.658,217000.0,journey,,
id01,2022-01-12 15:04:28,2022-01-12 15:15:19,7.772,651000.0,journey,,
id01,2022-01-12 15:18:21,2022-01-12 15:21:36,2.104,195000.0,journey,,
id01,2022-01-12 15:22:45,2022-01-12 15:34:54,9.244,729000.0,journey,,
id01,2022-01-12 16:48:55,2022-01-12 17:12:27,16.458,1412000.0,journey,,
id01,2022-01-12 18:29:55,2022-01-12 18:50:53,16.63,1258000.0,journey,,
id01,2022-01-12 19:39:34,2022-01-12 19:42:40,0.7440000000000001,186000.0,journey,,
id01,2022-01-12 20:05:59,2022-01-12 20:12:11,2.74,372000.0,journey,,
id01,2022-01-12 20:14:41,2022-01-12 20:33:49,16.142,1148000.0,journey,,
id01,2022-01-13 08:56:37,2022-01-13 08:59:12,1.046,155000.0,journey,,
id01,2022-01-13 09:38:38,2022-01-13 09:41:44,1.094,186000.0,journey,,
id01,2022-01-13 10:49:28,2022-01-13 11:09:23,15.879,1195000.0,journey,,
id01,2022-01-13 12:58:45,2022-01-13 13:01:23,1.232,158000.0,journey,,
id01,2022-01-13 13:43:46,2022-01-13 14:03:12,15.912,1166000.0,journey,,
id01,2022-01-13 14:03:33,2022-01-13 14:09:45,4.519,372000.0,journey,,
id01,2022-01-13 14:54:29,2022-01-13 15:00:10,4.198,341000.0,journey,,
id01,2022-01-13 15:02:41,2022-01-13 15:06:27,1.648,226000.0,journey,,
id01,2022-01-14 08:52:38,2022-01-14 08:55:13,1.585,155000.0,journey,,
id01,2022-01-14 09:19:50,2022-01-14 09:22:25,1.119,155000.0,journey,,
id01,2022-01-14 09:23:15,2022-01-14 09:33:35,8.876,620000.0,journey,,
id01,2022-01-14 10:03:58,2022-01-14 10:06:02,0.487,124000.0,journey,,
id01,2022-01-14 10:32:46,2022-01-14 10:44:08,8.631,682000.0,journey,,
id01,2022-01-14 11:43:55,2022-01-14 12:05:39,16.449,1304000.0,journey,,
id01,2022-01-14 13:43:16,2022-01-14 13:58:46,15.098,930000.0,journey,,
id01,2022-01-14 14:03:15,2022-01-14 14:07:23,1.618,248000.0,journey,,
id01,2022-01-14 14:53:30,2022-01-14 14:57:07,1.645,217000.0,journey,,
id01,2022-01-14 15:03:17,2022-01-14 15:07:29,1.653,252000.0,journey,,
id01,2022-01-14 15:55:14,2022-01-14 16:00:29,2.775,315000.0,journey,,
id01,2022-01-14 16:33:07,2022-01-14 16:38:48,2.794,341000.0,journey,,
id01,2022-01-14 18:18:16,2022-01-14 18:20:23,0.345,127000.0,journey,,
id01,2022-01-14 18:23:51,2022-01-14 18:26:26,0.347,155000.0,journey,,
id01,2022-01-14 22:49:20,2022-01-15 10:55:30,,,charging,07:13:56,46.601000000000006
id01,2022-01-15 11:21:25,2022-01-15 11:25:09,1.182,224000.0,journey,,
id01,2022-01-15 11:25:40,2022-01-15 12:01:22,31.08,2142000.0,journey,,
id01,2022-01-15 12:09:51,2022-01-15 12:35:30,27.864,1539000.0,journey,,
id01,2022-01-15 13:03:18,2022-01-15 13:13:40,3.238,622000.0,journey,,
id01,2022-01-15 14:35:35,2022-01-15 14:38:11,0.198,156000.0,journey,,
id01,2022-01-15 14:38:54,2022-01-15 14:45:06,2.0380000000000003,372000.0,journey,,
id01,2022-01-15 15:26:12,2022-01-15 15:29:49,1.002,217000.0,journey,,
id01,2022-01-15 15:30:05,2022-01-15 15:36:54,1.717,409000.0,journey,,
id01,2022-01-15 16:33:50,2022-01-15 16:35:26,0.263,96000.0,journey,,
id01,2022-01-15 16:35:56,2022-01-15 16:38:31,0.964,155000.0,journey,,
id01,2022-01-15 16:39:20,2022-01-15 17:25:34,46.989,2774000.0,journey,,
id01,2022-01-15 18:41:28,2022-01-15 19:04:51,16.859,1403000.0,journey,,
id01,2022-01-15 19:05:07,2022-01-15 19:08:50,1.15,223000.0,journey,,
id01,2022-01-16 10:43:38,2022-01-16 10:54:30,8.89,652000.0,journey,,
id01,2022-01-16 11:32:31,2022-01-16 11:33:42,0.111,71000.0,journey,,
id01,2022-01-16 11:40:18,2022-01-16 11:41:30,0.132,72000.0,journey,,
id01,2022-01-16 12:00:48,2022-01-16 12:11:46,8.856,658000.0,journey,,
id01,2022-01-16 13:11:18,2022-01-16 13:28:53,12.553,1055000.0,journey,,
id01,2022-01-16 15:05:24,2022-01-16 15:09:02,1.511,218000.0,journey,,
id01,2022-01-16 15:09:16,2022-01-16 15:10:28,0.161,72000.0,journey,,
id01,2022-01-16 15:12:26,2022-01-16 15:39:39,13.947,1633000.0,journey,,
id01,2022-01-16 16:30:33,2022-01-16 16:31:35,0.0279999999999999,62000.0,journey,,
id01,2022-01-16 17:40:13,2022-01-16 17:40:44,0.031,31000.0,journey,,
id01,2022-01-16 17:41:32,2022-01-16 17:44:45,1.2990000000000002,193000.0,journey,,
id01,2022-01-16 17:50:19,2022-01-16 17:53:52,1.471,213000.0,journey,,
id01,2022-01-17 08:56:50,2022-01-17 09:00:44,1.098,234000.0,journey,,
id01,2022-01-17 09:21:19,2022-01-17 09:24:32,1.084,193000.0,journey,,
id01,2022-01-17 16:32:31,2022-01-17 16:46:29,8.182,838000.0,journey,,
id01,2022-01-17 16:55:50,2022-01-17 17:09:41,9.963,831000.0,journey,,
id01,2022-01-18 09:00:58,2022-01-18 09:01:29,0.023,31000.0,journey,,
id01,2022-01-18 09:03:12,2022-01-18 09:07:41,1.663,269000.0,journey,,
id01,2022-01-18 09:08:35,2022-01-18 09:26:40,15.167,1085000.0,journey,,
id01,2022-01-18 10:49:28,2022-01-18 10:54:02,0.447,274000.0,journey,,
id01,2022-01-18 11:03:33,2022-01-18 11:07:35,0.155,242000.0,journey,,
id01,2022-01-18 11:17:24,2022-01-18 11:41:36,16.563,1452000.0,journey,,
id01,2022-01-18 13:55:52,2022-01-18 14:01:55,1.6369999999999998,363000.0,journey,,
id01,2022-01-18 14:04:22,2022-01-18 14:10:25,1.638,363000.0,journey,,
id01,2022-01-19 09:00:48,2022-01-19 09:12:55,3.35,727000.0,journey,,
id01,2022-01-19 13:57:40,2022-01-19 14:13:49,9.29,969000.0,journey,,
id01,2022-01-19 14:21:00,2022-01-19 14:29:05,2.153,485000.0,journey,,
id01,2022-01-19 14:51:39,2022-01-19 15:01:44,7.327999999999999,605000.0,journey,,
id01,2022-01-19 15:02:03,2022-01-19 15:10:07,1.66,484000.0,journey,,
id01,2022-01-19 16:12:30,2022-01-19 16:26:38,7.241,848000.0,journey,,
id01,2022-01-19 17:33:53,2022-01-19 17:45:59,7.292999999999999,726000.0,journey,,
id01,2022-01-19 19:09:42,2022-01-19 19:15:45,1.499,363000.0,journey,,
id01,2022-01-19 19:18:52,2022-01-19 19:24:55,1.336,363000.0,journey,,
id01,2022-01-19 22:38:11,2022-01-20 08:46:33,,,charging,07:51:56,50.773
id01,2022-01-20 08:49:13,2022-01-20 08:55:16,1.122,363000.0,journey,,
id01,2022-01-20 09:18:10,2022-01-20 09:24:13,1.077,363000.0,journey,,
id01,2022-01-20 13:58:20,2022-01-20 14:04:23,1.652,363000.0,journey,,
id01,2022-01-20 14:05:50,2022-01-20 14:11:53,1.5830000000000002,363000.0,journey,,
id01,2022-01-20 14:53:11,2022-01-20 14:59:14,1.652,363000.0,journey,,
id01,2022-01-20 15:03:22,2022-01-20 15:11:26,1.653,484000.0,journey,,
id01,2022-01-21 08:50:57,2022-01-21 08:54:59,1.101,242000.0,journey,,
id01,2022-01-21 09:10:07,2022-01-21 09:14:09,1.0590000000000002,242000.0,journey,,
id01,2022-01-21 09:19:04,2022-01-21 10:07:30,45.065,2906000.0,journey,,
id01,2022-01-21 12:59:24,2022-01-21 13:29:40,28.577,1816000.0,journey,,
id01,2022-01-21 13:43:19,2022-01-21 14:07:32,17.271,1453000.0,journey,,
id01,2022-01-21 14:50:42,2022-01-21 14:56:46,1.651,364000.0,journey,,
id01,2022-01-21 15:01:14,2022-01-21 15:07:18,1.626,364000.0,journey,,
id01,2022-01-21 17:29:58,2022-01-21 17:52:10,8.318,1332000.0,journey,,
id01,2022-01-21 17:53:40,2022-01-21 18:01:44,3.554,484000.0,journey,,
id01,2022-01-22 10:12:45,2022-01-22 10:24:51,7.454,726000.0,journey,,
id01,2022-01-22 10:28:15,2022-01-22 10:40:21,7.977,726000.0,journey,,
id01,2022-01-22 11:51:36,2022-01-22 12:11:46,15.441,1210000.0,journey,,
id01,2022-01-22 13:57:04,2022-01-22 14:21:17,16.726,1453000.0,journey,,
id01,2022-01-22 14:24:42,2022-01-22 14:30:45,0.529,363000.0,journey,,
id01,2022-01-22 14:32:10,2022-01-22 14:36:12,0.584,242000.0,journey,,
id01,2022-01-22 15:55:57,2022-01-22 16:02:00,0.872,363000.0,journey,,
id01,2022-01-22 16:56:46,2022-01-22 17:18:57,16.451,1331000.0,journey,,
id01,2022-01-23 11:22:35,2022-01-23 11:36:42,9.074,847000.0,journey,,
id01,2022-01-23 13:17:16,2022-01-23 13:27:21,3.775,605000.0,journey,,
id01,2022-01-23 14:30:19,2022-01-23 14:48:29,10.268,1090000.0,journey,,
id01,2022-01-24 09:00:31,2022-01-24 09:06:35,1.104,364000.0,journey,,
id01,2022-01-24 09:25:56,2022-01-24 09:31:59,1.081,363000.0,journey,,
id01,2022-01-24 16:55:18,2022-01-24 17:11:27,8.218,969000.0,journey,,
id01,2022-01-24 17:15:31,2022-01-24 17:31:41,9.91,970000.0,journey,,
id01,2022-01-24 18:00:38,2022-01-24 18:12:44,7.255,726000.0,journey,,
id01,2022-01-24 21:10:29,2022-01-24 21:18:33,3.838,484000.0,journey,,
id01,2022-01-24 22:17:48,2022-01-24 22:21:50,1.1840000000000002,242000.0,journey,,
id01,2022-01-24 22:29:50,2022-01-24 22:36:08,2.212,378000.0,journey,,
id01,2022-01-25 08:47:47,2022-01-25 08:53:50,1.09,363000.0,journey,,
id01,2022-01-25 09:14:31,2022-01-25 09:20:34,1.589,363000.0,journey,,
id01,2022-01-25 11:30:42,2022-01-25 11:56:56,16.605999999999998,1574000.0,journey,,
id01,2022-01-25 12:12:15,2022-01-25 12:18:18,0.665,363000.0,journey,,
id01,2022-01-25 12:20:25,2022-01-25 12:42:36,16.134,1331000.0,journey,,
id01,2022-01-25 13:47:34,2022-01-25 13:53:37,1.0759999999999998,363000.0,journey,,
id01,2022-01-25 14:21:07,2022-01-25 14:27:10,1.094,363000.0,journey,,
id01,2022-01-25 14:56:49,2022-01-25 15:02:52,1.616,363000.0,journey,,
id01,2022-01-25 15:03:08,2022-01-25 15:09:11,1.652,363000.0,journey,,
id01,2022-01-25 17:28:14,2022-01-25 17:30:15,0.025,121000.0,journey,,
id01,2022-01-25 17:32:23,2022-01-25 18:30:06,,,charging,00:57:28,6.2620000000000005
id01,2022-01-25 18:34:30,2022-01-25 18:36:31,0.008,121000.0,journey,,
id01,2022-01-25 22:31:37,2022-01-26 08:54:23,,,charging,07:15:56,46.86600000000001
id01,2022-01-26 08:56:22,2022-01-26 09:02:25,1.103,363000.0,journey,,
id01,2022-01-26 09:24:33,2022-01-26 09:30:36,1.074,363000.0,journey,,
id01,2022-01-26 13:57:41,2022-01-26 14:03:44,1.727,363000.0,journey,,
id01,2022-01-26 14:06:51,2022-01-26 14:12:54,1.6369999999999998,363000.0,journey,,
id01,2022-01-26 14:18:08,2022-01-26 14:28:14,7.183,606000.0,journey,,
id01,2022-01-26 15:05:53,2022-01-26 15:09:55,0.624,242000.0,journey,,
id01,2022-01-26 15:15:52,2022-01-26 15:32:01,12.408,969000.0,journey,,
id01,2022-01-26 15:41:25,2022-01-26 15:47:28,0.665,363000.0,journey,,
id01,2022-01-26 16:54:16,2022-01-26 17:14:27,16.3,1211000.0,journey,,
id01,2022-01-26 17:37:56,2022-01-26 17:43:59,0.757,363000.0,journey,,
id01,2022-01-26 17:50:00,2022-01-26 18:00:05,3.93,605000.0,journey,,
id01,2022-01-27 08:48:18,2022-01-27 08:54:21,1.081,363000.0,journey,,
id01,2022-01-27 09:16:18,2022-01-27 09:22:21,1.083,363000.0,journey,,
id01,2022-01-27 11:57:12,2022-01-27 11:59:13,0.0,121000.0,journey,,
id01,2022-01-27 13:50:29,2022-01-27 13:56:32,1.108,363000.0,journey,,
id01,2022-01-27 14:21:13,2022-01-27 14:27:16,1.118,363000.0,journey,,
id01,2022-01-27 18:39:17,2022-01-27 18:41:18,0.004,121000.0,journey,,
id01,2022-01-27 18:41:53,2022-01-27 19:02:04,14.92,1211000.0,journey,,
id01,2022-01-27 20:14:11,2022-01-27 20:22:16,2.292,485000.0,journey,,
id01,2022-01-27 21:20:05,2022-01-27 21:42:17,16.613,1332000.0,journey,,
id01,2022-01-28 08:48:37,2022-01-28 08:54:40,1.088,363000.0,journey,,
id01,2022-01-28 09:13:18,2022-01-28 09:19:21,1.062,363000.0,journey,,
id01,2022-01-28 13:57:52,2022-01-28 14:03:55,1.6269999999999998,363000.0,journey,,
id01,2022-01-28 14:04:33,2022-01-28 14:10:37,1.6230000000000002,364000.0,journey,,
id01,2022-01-28 14:58:12,2022-01-28 15:04:15,1.6909999999999998,363000.0,journey,,
id01,2022-01-28 15:05:46,2022-01-28 15:11:49,1.648,363000.0,journey,,
id01,2022-01-28 18:08:59,2022-01-28 18:17:03,3.548,484000.0,journey,,
id01,2022-01-28 19:55:43,2022-01-28 20:03:47,3.748,484000.0,journey,,
id01,2022-01-29 10:09:51,2022-01-29 10:26:00,8.861,969000.0,journey,,
id01,2022-01-29 11:14:15,2022-01-29 11:28:22,8.796,847000.0,journey,,
id01,2022-01-29 11:47:44,2022-01-29 11:49:45,0.0,121000.0,journey,,
id01,2022-01-29 18:28:07,2022-01-29 18:52:20,17.009,1453000.0,journey,,
id01,2022-01-29 18:56:09,2022-01-29 19:04:13,0.6559999999999999,484000.0,journey,,
id01,2022-01-29 19:04:31,2022-01-29 19:26:43,16.448,1332000.0,journey,,
id01,2022-01-30 10:58:59,2022-01-30 11:11:05,8.82,726000.0,journey,,
id01,2022-01-30 11:35:21,2022-01-30 11:39:23,0.151,242000.0,journey,,
id01,2022-01-30 11:41:48,2022-01-30 11:45:50,0.025,242000.0,journey,,
id01,2022-01-30 12:02:53,2022-01-30 12:17:00,8.731,847000.0,journey,,
id01,2022-01-30 12:53:37,2022-01-30 13:01:41,3.807,484000.0,journey,,
id01,2022-01-30 14:10:28,2022-01-30 14:20:33,3.491,605000.0,journey,,
id01,2022-01-31 08:56:47,2022-01-31 09:02:50,1.096,363000.0,journey,,
id01,2022-01-31 09:24:28,2022-01-31 09:28:30,0.291,242000.0,journey,,
id01,2022-01-31 09:28:55,2022-01-31 09:34:59,1.325,364000.0,journey,,
id01,2022-01-31 09:50:46,2022-01-31 10:12:58,15.688,1332000.0,journey,,
id01,2022-01-31 11:10:13,2022-01-31 11:14:15,0.0069999999999999,242000.0,journey,,
id01,2022-01-31 11:16:49,2022-01-31 11:18:50,0.004,121000.0,journey,,
id01,2022-01-31 11:50:22,2022-01-31 11:56:25,0.7829999999999999,363000.0,journey,,
id01,2022-01-31 12:07:04,2022-01-31 12:31:17,16.185,1453000.0,journey,,
id01,2022-01-31 12:32:15,2022-01-31 12:36:17,0.044,242000.0,journey,,
